tag,arm,task,n_ops,seed,position,window_k,natural_window,pr,null_mean,z,ratio,cos_consecutive
trained_track_n4_ns128_seed0,trained,track,4,0,last,10,89,7.619361112653076,9.981593613500841,-536.9250765154144,0.7633411464825945,0.06975649089247872
trained_track_n4_ns128_seed0,trained,track,4,0,last,15,89,9.602734379817571,14.959828476839263,-1273.4584811976806,0.641901369035379,0.17992304031572498
trained_track_n4_ns128_seed0,trained,track,4,0,last,20,89,10.917527835984224,19.928054526044242,-1077.4823484043259,0.5478471479348854,0.2552619928393929
trained_track_n4_ns128_seed0,trained,track,4,0,last,30,89,11.140345898263847,29.83418867242773,-1530.2060541635738,0.3734087097384208,0.35514095022950326
trained_track_n4_ns128_seed0,trained,track,4,0,last,41,89,7.48326884313537,40.68604824341104,-1775.3622109228986,0.18392714864725795,0.5001455548080929
trained_local_n4_ns128_seed0,trained,local,4,0,last,10,96,8.72826455619712,9.981593613500841,-284.87619222506027,0.8744359762745197,0.05831487534725369
trained_local_n4_ns128_seed0,trained,local,4,0,last,15,96,11.188913164251133,14.959828476839263,-896.4009217914083,0.7479305783200494,0.1590148742856589
trained_local_n4_ns128_seed0,trained,local,4,0,last,20,96,11.75093182087567,19.928054526044242,-977.8235699889681,0.589667787466068,0.27589384390242155
trained_local_n4_ns128_seed0,trained,local,4,0,last,30,96,12.484110269891017,29.83418867242773,-1420.210672172073,0.41844979955592454,0.4483403553199573
trained_local_n4_ns128_seed0,trained,local,4,0,last,41,96,7.802737199783615,40.68604824341104,-1758.2801455589904,0.19177918565849514,0.5824852129375074
trained_count_ones_n4_ns128_seed0,trained,count_ones,4,0,last,10,102,7.990047413055381,9.981593613500841,-452.66970786084937,0.8004781322942514,0.22807831696778239
trained_count_ones_n4_ns128_seed0,trained,count_ones,4,0,last,15,102,10.41011518979188,14.959828476839263,-1081.5324255046044,0.6958712933045169,0.3453653109708723
trained_count_ones_n4_ns128_seed0,trained,count_ones,4,0,last,20,102,12.955129751393555,19.928054526044242,-833.8251047772305,0.6500950574207995,0.38487793847000623
trained_count_ones_n4_ns128_seed0,trained,count_ones,4,0,last,30,102,15.037901693521034,29.83418867242773,-1211.1671306852186,0.504049292529239,0.43033787492337516
trained_count_ones_n4_ns128_seed0,trained,count_ones,4,0,last,41,102,11.043142300090976,40.68604824341104,-1585.0147482916834,0.27142332020115456,0.4696574805064072
trained_track_n4_ns128_seed1,trained,track,4,1,last,10,106,8.701117807300749,9.981593613500841,-291.04652906662756,0.8717162954352144,0.11532118033420256
trained_track_n4_ns128_seed1,trained,track,4,1,last,15,106,11.534696654375868,14.959828476839263,-814.2032022474699,0.7710447129947935,0.23456653441942235
trained_track_n4_ns128_seed1,trained,track,4,1,last,20,106,11.797078508323594,19.928054526044242,-972.3053308368304,0.5919834519172874,0.3017793149508006
trained_track_n4_ns128_seed1,trained,track,4,1,last,30,106,9.465787652043536,29.83418867242773,-1667.2789501631744,0.3172798749775174,0.3791191552642462
trained_track_n4_ns128_seed1,trained,track,4,1,last,41,106,9.329966980004906,40.68604824341104,-1676.6187278049558,0.22931612635827472,0.4401106291393083
trained_local_n4_ns128_seed1,trained,local,4,1,last,10,105,7.716208820426365,9.981593613500841,-514.9120177297724,0.7730437762953627,0.21711542712612678
trained_local_n4_ns128_seed1,trained,local,4,1,last,15,105,10.90327404999883,14.959828476839263,-964.3014563010818,0.7288368357216948,0.2751777037074051
trained_local_n4_ns128_seed1,trained,local,4,1,last,20,105,12.110237136678762,19.928054526044242,-934.8576980946253,0.6076979125509583,0.3723413954878824
trained_local_n4_ns128_seed1,trained,local,4,1,last,30,105,10.061522946026836,29.83418867242773,-1618.5143507950847,0.33724808328123,0.5224653154382753
trained_local_n4_ns128_seed1,trained,local,4,1,last,41,105,7.955331751406795,40.68604824341104,-1750.1208707802568,0.19552972320665557,0.6254783699194242
trained_count_ones_n4_ns128_seed1,trained,count_ones,4,1,last,10,87,7.7464385473292525,9.981593613500841,-508.04093352254563,0.776072323446591,0.24241340188315272
trained_count_ones_n4_ns128_seed1,trained,count_ones,4,1,last,15,87,10.596858614279991,14.959828476839263,-1037.1408218823165,0.7083542856581544,0.32350040502164795
trained_count_ones_n4_ns128_seed1,trained,count_ones,4,1,last,20,87,11.815378616371946,19.928054526044242,-970.1169966723311,0.5929017607278357,0.3750227098429545
trained_count_ones_n4_ns128_seed1,trained,count_ones,4,1,last,30,87,13.963732896378433,29.83418867242773,-1299.094456085265,0.46804466679811163,0.4665495141854606
trained_count_ones_n4_ns128_seed1,trained,count_ones,4,1,last,41,87,14.309857919072648,40.68604824341104,-1410.342519986498,0.3517141265099414,0.5521508160990216
trained_track_n8_ns128_seed0,trained,track,8,0,last,10,107,8.52525841075909,9.981593613500841,-331.0185978237029,0.8540979267306624,0.008661498528177287
trained_track_n8_ns128_seed0,trained,track,8,0,last,15,107,10.790198141004323,14.959828476839263,-991.1812296857322,0.721278198992031,0.1421788646708404
trained_track_n8_ns128_seed0,trained,track,8,0,last,20,107,11.996695317773288,19.928054526044242,-948.4350737447445,0.602000325826821,0.2392402029017241
trained_track_n8_ns128_seed0,trained,track,8,0,last,30,107,12.442748275787375,29.83418867242773,-1423.5964058895488,0.41706340374815554,0.37880641543915244
trained_track_n8_ns128_seed0,trained,track,8,0,last,41,107,7.187731132926273,40.68604824341104,-1791.1646977051814,0.17666328983155302,0.5252139897344984
trained_local_n8_ns128_seed0,trained,local,8,0,last,10,92,8.24177368487331,9.981593613500841,-395.45343143239626,0.8256971786274392,0.10348029994881008
trained_local_n8_ns128_seed0,trained,local,8,0,last,15,92,10.583634979120507,14.959828476839263,-1040.2842705582452,0.7074703426918324,0.16416670844846665
trained_local_n8_ns128_seed0,trained,local,8,0,last,20,92,10.535102655830393,19.928054526044242,-1123.2129028297022,0.5286568561954669,0.27566597255891273
trained_local_n8_ns128_seed0,trained,local,8,0,last,30,92,10.33517579110691,29.83418867242773,-1596.1141816410277,0.346420541365635,0.4509535999482588
trained_local_n8_ns128_seed0,trained,local,8,0,last,41,92,8.849064284021617,40.68604824341104,-1702.332733951459,0.21749628351912237,0.5695053923929054
trained_count_ones_n8_ns128_seed0,trained,count_ones,8,0,last,10,106,8.597561513323354,9.981593613500841,-314.58442004370573,0.8613415699167033,0.1395201635684059
trained_count_ones_n8_ns128_seed0,trained,count_ones,8,0,last,15,106,10.953709593086954,14.959828476839263,-952.3122007576538,0.7322082342083959,0.28318146501969166
trained_count_ones_n8_ns128_seed0,trained,count_ones,8,0,last,20,106,12.761633847096592,19.928054526044242,-856.9634216081994,0.6403853336720974,0.37587624010332055
trained_count_ones_n8_ns128_seed0,trained,count_ones,8,0,last,30,106,13.71092295236291,29.83418867242773,-1319.7885055409479,0.4595708334121491,0.4696373638309801
trained_count_ones_n8_ns128_seed0,trained,count_ones,8,0,last,41,106,12.6823774427871,40.68604824341104,-1497.3643714339155,0.3117131790955138,0.5160479551774928
trained_track_n8_ns128_seed1,trained,track,8,1,last,10,80,8.117186036149283,9.981593613500841,-423.77165700926764,0.8132154393833656,0.06000401160453708
trained_track_n8_ns128_seed1,trained,track,8,1,last,15,80,10.922861525012204,14.959828476839263,-959.645231166844,0.7301461739299302,0.1492376906119275
trained_track_n8_ns128_seed1,trained,track,8,1,last,20,80,12.987834886226642,19.928054526044242,-829.9142118075988,0.6517362178657563,0.23343754281174545
trained_track_n8_ns128_seed1,trained,track,8,1,last,30,80,11.29795161935752,29.83418867242773,-1517.3050561450355,0.37869143161244745,0.3614312138049531
trained_track_n8_ns128_seed1,trained,track,8,1,last,41,80,10.089862843341628,40.68604824341104,-1635.9868763644272,0.24799318879477675,0.43557290089949097
trained_local_n8_ns128_seed1,trained,local,8,1,last,10,110,8.526814775928614,9.981593613500841,-330.66484285359195,0.8542538502464645,0.12104140965781814
trained_local_n8_ns128_seed1,trained,local,8,1,last,15,110,11.821025501150276,14.959828476839263,-746.1387083758506,0.790184561236884,0.1826124261122794
trained_local_n8_ns128_seed1,trained,local,8,1,last,20,110,13.84915050714346,19.928054526044242,-726.9177489075371,0.6949574776124693,0.2740900445440629
trained_local_n8_ns128_seed1,trained,local,8,1,last,30,110,10.92349947192757,29.83418867242773,-1547.9562684139096,0.36614032283113135,0.45189733280776134
trained_local_n8_ns128_seed1,trained,local,8,1,last,41,110,8.106741102649542,40.68604824341104,-1742.0249690084163,0.19925113036659686,0.5796737688398033
trained_count_ones_n8_ns128_seed1,trained,count_ones,8,1,last,10,94,8.103558942205154,9.981593613500841,-426.8690356356341,0.8118502171080672,0.20578097014135596
trained_count_ones_n8_ns128_seed1,trained,count_ones,8,1,last,15,94,10.991242991082547,14.959828476839263,-943.389971067451,0.7347171799529078,0.3016159694003829
trained_count_ones_n8_ns128_seed1,trained,count_ones,8,1,last,20,94,12.434428007686812,19.928054526044242,-896.0908254088878,0.6239659767809291,0.3772591017681243
trained_count_ones_n8_ns128_seed1,trained,count_ones,8,1,last,30,94,12.471533857564438,29.83418867242773,-1421.2401289035904,0.4180282559213828,0.47264191161391106
trained_count_ones_n8_ns128_seed1,trained,count_ones,8,1,last,41,94,12.74484071677336,40.68604824341104,-1494.0244421205034,0.3132484295482627,0.5413619759338866
trained_track_n16_ns128_seed0,trained,track,16,0,last,10,91,8.742227269276695,9.981593613500841,-281.7025288426781,0.875834822352634,-0.002333678716298323
trained_track_n16_ns128_seed0,trained,track,16,0,last,15,91,10.735411560074384,14.959828476839263,-1004.2047896377296,0.7176159523951026,0.13160315088788327
trained_track_n16_ns128_seed0,trained,track,16,0,last,20,91,12.524250660046976,19.928054526044242,-885.3497970834626,0.6284733235589487,0.24098368267624914
trained_track_n16_ns128_seed0,trained,track,16,0,last,30,91,12.970965579606519,29.83418867242773,-1380.3585694541682,0.43476850408183126,0.4001909325261382
trained_track_n16_ns128_seed0,trained,track,16,0,last,41,91,6.358061355106512,40.68604824341104,-1835.527380519433,0.15627129273082396,0.5504258779334138
trained_local_n16_ns128_seed0,trained,local,16,0,last,10,107,8.413796493961403,9.981593613500841,-356.3534021597176,0.8429311811073056,0.15350823383133502
trained_local_n16_ns128_seed0,trained,local,16,0,last,15,107,11.444633538035516,14.959828476839263,-835.6125031239427,0.7650243821815234,0.22746260727455989
trained_local_n16_ns128_seed0,trained,local,16,0,last,20,107,12.642126089253342,19.928054526044242,-871.254206598108,0.6343883730712989,0.30211504013524415
trained_local_n16_ns128_seed0,trained,local,16,0,last,30,107,12.305957479000327,29.83418867242773,-1434.7935742794898,0.41247836883103484,0.46105444186768413
trained_local_n16_ns128_seed0,trained,local,16,0,last,41,107,8.847829206367724,40.68604824341104,-1702.3987739105792,0.21746592722483435,0.5455796286388972
trained_count_ones_n16_ns128_seed0,trained,count_ones,16,0,last,10,105,7.484893588824084,9.981593613500841,-567.4889543279534,0.7498695978466018,0.2723797623761394
trained_count_ones_n16_ns128_seed0,trained,count_ones,16,0,last,15,105,10.409046860119222,14.959828476839263,-1081.7863828661368,0.695799880074458,0.3510937753895545
trained_count_ones_n16_ns128_seed0,trained,count_ones,16,0,last,20,105,12.004643367575774,19.928054526044242,-947.4846428031366,0.6023991630435748,0.43302689236778596
trained_count_ones_n16_ns128_seed0,trained,count_ones,16,0,last,30,105,14.402367953401725,29.83418867242773,-1263.189477749132,0.4827470963442743,0.5057761615868996
trained_count_ones_n16_ns128_seed0,trained,count_ones,16,0,last,41,105,12.0024493871378,40.68604824341104,-1533.7203210848058,0.29500160141705467,0.5305649508578621
trained_track_n16_ns128_seed1,trained,track,16,1,last,10,88,8.589877864307583,9.981593613500841,-316.33087973140783,0.8605717881250085,0.028615403885148574
trained_track_n16_ns128_seed1,trained,track,16,1,last,15,88,11.672645216166014,14.959828476839263,-781.4108407919655,0.7802659792682483,0.14612622859278313
trained_track_n16_ns128_seed1,trained,track,16,1,last,20,88,13.737384040389909,19.928054526044242,-740.282827244558,0.6893489789701417,0.24526881012279325
trained_track_n16_ns128_seed1,trained,track,16,1,last,30,88,14.045799232469909,29.83418867242773,-1292.3768215225223,0.4707954148406525,0.3737807958148482
trained_track_n16_ns128_seed1,trained,track,16,1,last,41,88,14.34866021738243,40.68604824341104,-1408.26774988109,0.3526678268564985,0.4511718158554519
trained_local_n16_ns128_seed1,trained,local,16,1,last,10,95,8.460736085315682,9.981593613500841,-345.6842391241342,0.8476337960575667,0.11072232687672903
trained_local_n16_ns128_seed1,trained,local,16,1,last,15,95,11.900232456304098,14.959828476839263,-727.310073488411,0.79547920450612,0.19949378258004355
trained_local_n16_ns128_seed1,trained,local,16,1,last,20,95,13.73000782690284,19.928054526044242,-741.1648777732075,0.6889788367930703,0.2907428657514145
trained_local_n16_ns128_seed1,trained,local,16,1,last,30,95,11.906830599927448,29.83418867242773,-1467.4645651568085,0.39910019778521905,0.4505559711940451
trained_local_n16_ns128_seed1,trained,local,16,1,last,41,95,9.959164396988156,40.68604824341104,-1642.9753600658958,0.24478082357386496,0.5668676694439678
trained_count_ones_n16_ns128_seed1,trained,count_ones,16,1,last,10,107,7.622014333323676,9.981593613500841,-536.3220111054417,0.7636069578122615,0.23763940622604687
trained_count_ones_n16_ns128_seed1,trained,count_ones,16,1,last,15,107,10.151551096774122,14.959828476839263,-1142.9968372217156,0.678587399079522,0.3188946582497348
trained_count_ones_n16_ns128_seed1,trained,count_ones,16,1,last,20,107,10.794666598517626,19.928054526044242,-1092.1741438150655,0.5416819080061193,0.43858163297309377
trained_count_ones_n16_ns128_seed1,trained,count_ones,16,1,last,30,107,12.86356045317135,29.83418867242773,-1389.1503399159612,0.43116843546208594,0.55073271292744
trained_count_ones_n16_ns128_seed1,trained,count_ones,16,1,last,41,107,14.699783116213876,40.68604824341104,-1389.493106997733,0.3612978834481536,0.5851487511318152
trained_track_n32_ns128_seed0,trained,track,32,0,last,10,64,8.815725243140403,9.981593613500841,-264.99676206217,0.8831981730068117,0.031516403411540876
trained_track_n32_ns128_seed0,trained,track,32,0,last,15,64,11.035554004650036,14.959828476839263,-932.8566044668241,0.7376791800611371,0.16276203883348686
trained_track_n32_ns128_seed0,trained,track,32,0,last,20,64,12.35954672218955,19.928054526044242,-905.0451591703237,0.6202083954576044,0.2860042492373812
trained_track_n32_ns128_seed0,trained,track,32,0,last,30,64,13.527179487504943,29.83418867242773,-1334.829038711968,0.45341201116712593,0.4413471875095111
trained_track_n32_ns128_seed0,trained,track,32,0,last,41,64,8.218479951348824,40.68604824341104,-1736.05026047329,0.2019974980656859,0.5402453270384189
trained_local_n32_ns128_seed0,trained,local,32,0,last,10,68,8.595631713062586,9.981593613500841,-315.02305517056163,0.8611482340291193,0.10953728454107323
trained_local_n32_ns128_seed0,trained,local,32,0,last,15,68,11.828130753212195,14.959828476839263,-744.4496875493677,0.7906595166866018,0.20238446388966233
trained_local_n32_ns128_seed0,trained,local,32,0,last,20,68,13.534609577691572,19.928054526044242,-764.5306777620701,0.6791736524005898,0.28127472910928225
trained_local_n32_ns128_seed0,trained,local,32,0,last,30,68,10.636395797494192,29.83418867242773,-1571.4574707134038,0.35651701188456236,0.4452916550809448
trained_local_n32_ns128_seed0,trained,local,32,0,last,41,68,10.167126064206156,40.68604824341104,-1631.8555896138987,0.24989219900098522,0.5128992771403301
trained_count_ones_n32_ns128_seed0,trained,count_ones,32,0,last,10,108,8.322516400118891,9.981593613500841,-377.1009667424315,0.8337863393739126,0.18119079877185562
trained_count_ones_n32_ns128_seed0,trained,count_ones,32,0,last,15,108,10.955507107699042,14.959828476839263,-951.8849056259306,0.7323283903060992,0.2838955747340876
trained_count_ones_n32_ns128_seed0,trained,count_ones,32,0,last,20,108,11.816672128135938,19.928054526044242,-969.9623180235578,0.5929666698117757,0.4000198065164695
trained_count_ones_n32_ns128_seed0,trained,count_ones,32,0,last,30,108,13.019170523324663,29.83418867242773,-1376.4126982061196,0.43638426592631857,0.5167797255332631
trained_count_ones_n32_ns128_seed0,trained,count_ones,32,0,last,41,108,13.122512927645069,40.68604824341104,-1473.8301998489735,0.3225310270768362,0.5532835026092353
trained_track_n32_ns128_seed1,trained,track,32,1,last,10,105,9.048917293441932,9.981593613500841,-211.9932328134613,0.9065603794170305,0.003844836849710138
trained_track_n32_ns128_seed1,trained,track,32,1,last,15,105,12.011482324546234,14.959828476839263,-700.8643763101895,0.8029157782886586,0.13405274748628213
trained_track_n32_ns128_seed1,trained,track,32,1,last,20,105,13.557879118851965,19.928054526044242,-761.7480968188885,0.6803413299142167,0.2574699144238239
trained_track_n32_ns128_seed1,trained,track,32,1,last,30,105,14.043271015947841,29.83418867242773,-1292.5837716009542,0.47071067258237204,0.3981224870517226
trained_track_n32_ns128_seed1,trained,track,32,1,last,41,105,11.066590716168088,40.68604824341104,-1583.7609547068926,0.27199964592187403,0.5154563449583355
trained_local_n32_ns128_seed1,trained,local,32,1,last,10,107,8.876027084476837,9.981593613500841,-251.29041827003033,0.8892394769980773,0.04663851419158421
trained_local_n32_ns128_seed1,trained,local,32,1,last,15,107,12.420813565175125,14.959828476839263,-603.5604405275735,0.8302778059524527,0.14056900346643966
trained_local_n32_ns128_seed1,trained,local,32,1,last,20,107,13.838540868847913,19.928054526044242,-728.1864536547321,0.6944250805196331,0.21552541637895517
trained_local_n32_ns128_seed1,trained,local,32,1,last,30,107,13.95108635136533,29.83418867242773,-1300.1296536087002,0.46762077241465916,0.3731673499126118
trained_local_n32_ns128_seed1,trained,local,32,1,last,41,107,11.623536758083642,40.68604824341104,-1553.980888875062,0.28568851633227943,0.4946565483501256
trained_count_ones_n32_ns128_seed1,trained,count_ones,32,1,last,10,108,8.378938456294163,9.981593613500841,-364.27648108397375,0.8394389494039339,0.1005923272484029
trained_count_ones_n32_ns128_seed1,trained,count_ones,32,1,last,15,108,10.132105866198286,14.959828476839263,-1147.6192488029144,0.6772875692983221,0.25218295846894245
trained_count_ones_n32_ns128_seed1,trained,count_ones,32,1,last,20,108,10.42935629340286,19.928054526044242,-1135.8580947083665,0.5233504494767712,0.39916608314976854
trained_count_ones_n32_ns128_seed1,trained,count_ones,32,1,last,30,108,11.625837750007147,29.83418867242773,-1490.4655588700418,0.38968171307274585,0.5519159169891014
trained_count_ones_n32_ns128_seed1,trained,count_ones,32,1,last,41,108,13.097546663712421,40.68604824341104,-1475.165153197294,0.32191739500858313,0.5725608392342666
untrained_track_n4_ns128_seed0,untrained,track,4,0,last,10,43,7.855283938741494,9.981593613500841,-483.30085391929134,0.7869769340355275,-0.3870099504344784
untrained_track_n4_ns128_seed0,untrained,track,4,0,last,15,43,11.686710854334475,14.959828476839263,-778.0672358646145,0.7812062065034894,-0.3823681738618435
untrained_track_n4_ns128_seed0,untrained,track,4,0,last,20,43,15.466429910007774,19.928054526044242,-533.522837714773,0.776113387776739,-0.3791711897474926
untrained_track_n4_ns128_seed0,untrained,track,4,0,last,30,43,22.41359231609587,29.83418867242773,-607.4214706489657,0.7512720577788041,-0.3866066105937909
untrained_track_n4_ns128_seed0,untrained,track,4,0,last,41,43,29.16395228151212,40.68604824341104,-616.0898012415438,0.7168047411986029,-0.39619570675602167
untrained_local_n4_ns128_seed0,untrained,local,4,0,last,10,43,7.974039966013807,9.981593613500841,-456.3081302957828,0.7988744357642782,-0.3705379386660513
untrained_local_n4_ns128_seed0,untrained,local,4,0,last,15,43,11.686040362927349,14.959828476839263,-778.2266213361987,0.7811613870452875,-0.3788116259535787
untrained_local_n4_ns128_seed0,untrained,local,4,0,last,20,43,15.372182971392705,19.928054526044242,-544.7929239419086,0.7713840280446138,-0.385456926544295
untrained_local_n4_ns128_seed0,untrained,local,4,0,last,30,43,21.96876075145186,29.83418867242773,-643.833671260927,0.736361930021413,-0.4020672083911552
untrained_local_n4_ns128_seed0,untrained,local,4,0,last,41,43,28.759026725279597,40.68604824341104,-637.7412877663794,0.7068522986853859,-0.4063034467865615
untrained_count_ones_n4_ns128_seed0,untrained,count_ones,4,0,last,10,43,8.255059777342177,9.981593613500841,-392.4335609442554,0.8270282378734194,-0.3384947117643748
untrained_count_ones_n4_ns128_seed0,untrained,count_ones,4,0,last,15,43,12.311968521074673,14.959828476839263,-629.4344763454467,0.8230019842898604,-0.33410903982710327
untrained_count_ones_n4_ns128_seed0,untrained,count_ones,4,0,last,20,43,16.20631156306048,19.928054526044242,-445.0474967614025,0.8132410287155846,-0.33127989399098917
untrained_count_ones_n4_ns128_seed0,untrained,count_ones,4,0,last,30,43,23.560731862871865,29.83418867242773,-513.5210404028577,0.7897225603003011,-0.3240011122131915
untrained_count_ones_n4_ns128_seed0,untrained,count_ones,4,0,last,41,43,30.10062891732963,40.68604824341104,-566.0054308026345,0.7398268010018476,-0.32767985627775087
untrained_track_n4_ns128_seed1,untrained,track,4,1,last,10,43,8.154433729392444,9.981593613500841,-415.3054198639275,0.8169470773046672,-0.348378789059779
untrained_track_n4_ns128_seed1,untrained,track,4,1,last,15,43,12.077817766554967,14.959828476839263,-685.0954856205558,0.8073500164292517,-0.35007352250159274
untrained_track_n4_ns128_seed1,untrained,track,4,1,last,20,43,15.8712399123922,19.928054526044242,-485.11549738605504,0.7964269613799914,-0.3554956850441418
untrained_track_n4_ns128_seed1,untrained,track,4,1,last,30,43,23.155731136257756,29.83418867242773,-546.672841843173,0.77614750615484,-0.353724783062182
untrained_track_n4_ns128_seed1,untrained,track,4,1,last,41,43,30.523031661676573,40.68604824341104,-543.4194339779992,0.7502088057082239,-0.34636174419562604
untrained_local_n4_ns128_seed1,untrained,local,4,1,last,10,43,7.852203808583161,9.981593613500841,-484.00095398156174,0.7866683530335753,-0.37880716815078697
untrained_local_n4_ns128_seed1,untrained,local,4,1,last,15,43,11.310095957920351,14.959828476839263,-867.5940250712088,0.7560311253187555,-0.3932947810987402
untrained_local_n4_ns128_seed1,untrained,local,4,1,last,20,43,14.50871544281049,19.928054526044242,-648.046712812429,0.728054784467237,-0.40624632233660146
untrained_local_n4_ns128_seed1,untrained,local,4,1,last,30,43,20.308346322816117,29.83418867242773,-779.7488087644094,0.6807071761125102,-0.41925325304489813
untrained_local_n4_ns128_seed1,untrained,local,4,1,last,41,43,26.319891877595232,40.68604824341104,-768.1625330398414,0.646902144935092,-0.4199159414113357
untrained_count_ones_n4_ns128_seed1,untrained,count_ones,4,1,last,10,43,8.097242135743237,9.981593613500841,-428.3048180117046,0.8112173716220143,-0.3577535855532496
untrained_count_ones_n4_ns128_seed1,untrained,count_ones,4,1,last,15,43,12.080790063309292,14.959828476839263,-684.388927840931,0.8075487016453908,-0.3543979670772705
untrained_count_ones_n4_ns128_seed1,untrained,count_ones,4,1,last,20,43,15.870310724221536,19.928054526044242,-485.22661007532116,0.7963803342408771,-0.36164467226218716
untrained_count_ones_n4_ns128_seed1,untrained,count_ones,4,1,last,30,43,23.112605454027882,29.83418867242773,-550.2029442857427,0.7747019940042202,-0.364620168867566
untrained_count_ones_n4_ns128_seed1,untrained,count_ones,4,1,last,41,43,30.145321614893312,40.68604824341104,-563.6156993466556,0.7409252782315924,-0.37610023268396847
untrained_track_n8_ns128_seed0,untrained,track,8,0,last,10,43,7.972026181646336,9.981593613500841,-456.7658546413762,0.7986726859790788,-0.3683358121113063
untrained_track_n8_ns128_seed0,untrained,track,8,0,last,15,43,11.636790904329544,14.959828476839263,-789.93392750068,0.7778692731902355,-0.37666455607109495
untrained_track_n8_ns128_seed0,untrained,track,8,0,last,20,43,15.097683039334024,19.928054526044242,-577.6177344779778,0.7576094806245466,-0.38968544185102333
untrained_track_n8_ns128_seed0,untrained,track,8,0,last,30,43,21.25565855061193,29.83418867242773,-702.2054741130795,0.7124597482436673,-0.40839499331078233
untrained_track_n8_ns128_seed0,untrained,track,8,0,last,41,43,26.93246343170078,40.68604824341104,-735.4081549941205,0.6619582042122363,-0.4188349920568716
untrained_local_n8_ns128_seed0,untrained,local,8,0,last,10,43,7.810184807346074,9.981593613500841,-493.5516884864114,0.7824587044680144,-0.3771072772185436
untrained_local_n8_ns128_seed0,untrained,local,8,0,last,15,43,11.43354949546325,14.959828476839263,-838.247339802928,0.7642834617498869,-0.3821497999142172
untrained_local_n8_ns128_seed0,untrained,local,8,0,last,20,43,14.792294595017749,19.928054526044242,-614.1362055369934,0.7422849318123603,-0.3895574858614319
untrained_local_n8_ns128_seed0,untrained,local,8,0,last,30,43,20.013178115523925,29.83418867242773,-803.910142699418,0.670813553378771,-0.4071474647874538
untrained_local_n8_ns128_seed0,untrained,local,8,0,last,41,43,24.19137560313681,40.68604824341104,-881.9749134267828,0.594586514237212,-0.42055671037566145
untrained_count_ones_n8_ns128_seed0,untrained,count_ones,8,0,last,10,43,8.074394109188939,9.981593613500841,-433.4980741376321,0.8089283557154365,-0.35809400582252526
untrained_count_ones_n8_ns128_seed0,untrained,count_ones,8,0,last,15,43,12.004448282261032,14.959828476839263,-702.5364695463664,0.8024455829053296,-0.35219824171107456
untrained_count_ones_n8_ns128_seed0,untrained,count_ones,8,0,last,20,43,15.795947193019229,19.928054526044242,-494.119030573214,0.7926487340937016,-0.35250809995922683
untrained_count_ones_n8_ns128_seed0,untrained,count_ones,8,0,last,30,43,22.740280235841087,29.83418867242773,-580.6800543090824,0.7622221768965779,-0.36093278645825166
untrained_count_ones_n8_ns128_seed0,untrained,count_ones,8,0,last,41,43,29.511612771956578,40.68604824341104,-597.5002943353574,0.7253496971590472,-0.36521247192932765
untrained_track_n8_ns128_seed1,untrained,track,8,1,last,10,43,7.621298532815284,9.981593613500841,-536.4847094184149,0.7635352457654573,-0.408212127268586
untrained_track_n8_ns128_seed1,untrained,track,8,1,last,15,43,11.29628236250479,14.959828476839263,-870.8777158033838,0.7551077460542841,-0.40692832186728467
untrained_track_n8_ns128_seed1,untrained,track,8,1,last,20,43,15.073319366745352,19.928054526044242,-580.5311520904639,0.7563868990345158,-0.3997816203452603
untrained_track_n8_ns128_seed1,untrained,track,8,1,last,30,43,22.371470364071744,29.83418867242773,-610.869411598249,0.7498601892515043,-0.3907131758101111
untrained_track_n8_ns128_seed1,untrained,track,8,1,last,41,43,29.171931374030347,40.68604824341104,-615.6631568584475,0.7170008549246274,-0.40542940649158493
untrained_local_n8_ns128_seed1,untrained,local,8,1,last,10,43,8.001361629431777,9.981593613500841,-450.0980361513845,0.8016116403105558,-0.36815031300529116
untrained_local_n8_ns128_seed1,untrained,local,8,1,last,15,43,11.762464571749337,14.959828476839263,-760.0594853608775,0.7862700157264457,-0.3765959471528835
untrained_local_n8_ns128_seed1,untrained,local,8,1,last,20,43,15.457301782639744,19.928054526044242,-534.6143827988011,0.7756553336623195,-0.38240639197344434
untrained_local_n8_ns128_seed1,untrained,local,8,1,last,30,43,22.72690267774909,29.83418867242773,-581.775089750944,0.7617737799839325,-0.38421986177895034
untrained_local_n8_ns128_seed1,untrained,local,8,1,last,41,43,30.043992446947403,40.68604824341104,-569.0337992432543,0.7384347643497897,-0.37855509026730727
untrained_count_ones_n8_ns128_seed1,untrained,count_ones,8,1,last,10,43,7.838988844804455,9.981593613500841,-487.0046572307057,0.7853444197729754,-0.38823258396609345
untrained_count_ones_n8_ns128_seed1,untrained,count_ones,8,1,last,15,43,11.499586131686955,14.959828476839263,-822.5494795552246,0.7686977260127388,-0.39286712751911296
untrained_count_ones_n8_ns128_seed1,untrained,count_ones,8,1,last,20,43,15.14073394353671,19.928054526044242,-572.4696903117683,0.7597697970842603,-0.39338912366478884
untrained_count_ones_n8_ns128_seed1,untrained,count_ones,8,1,last,30,43,21.786026803329083,29.83418867242773,-658.791569275622,0.7302369453560296,-0.4016826190092143
untrained_count_ones_n8_ns128_seed1,untrained,count_ones,8,1,last,41,43,27.560754720033064,40.68604824341104,-701.8132382159204,0.6774006301901397,-0.4121973536059397
untrained_track_n16_ns128_seed0,untrained,track,16,0,last,10,43,8.271289837597369,9.981593613500841,-388.7445395032072,0.8286542367753621,-0.338796139308452
untrained_track_n16_ns128_seed0,untrained,track,16,0,last,15,43,12.417373237912704,14.959828476839263,-604.378255904918,0.8300478349158363,-0.3269308820863323
untrained_track_n16_ns128_seed0,untrained,track,16,0,last,20,43,16.53921014225938,19.928054526044242,-405.2393528832668,0.8299460502099721,-0.3207961771967824
untrained_track_n16_ns128_seed0,untrained,track,16,0,last,30,43,24.375137796131447,29.83418867242773,-446.85690373092143,0.8170203005606971,-0.3212317365244455
untrained_track_n16_ns128_seed0,untrained,track,16,0,last,41,43,32.10313327715534,40.68604824341104,-458.9309439115342,0.7890452541641059,-0.3244833215464156
untrained_local_n16_ns128_seed0,untrained,local,16,0,last,10,43,8.157497875335338,9.981593613500841,-414.608952943651,0.8172540569375335,-0.3484997468178512
untrained_local_n16_ns128_seed0,untrained,local,16,0,last,15,43,11.965330295562648,14.959828476839263,-711.8353788106504,0.7998307142416317,-0.3557579744142768
untrained_local_n16_ns128_seed0,untrained,local,16,0,last,20,43,15.722986786440316,19.928054526044242,-502.843664873216,0.7889875434599867,-0.3571690977515893
untrained_local_n16_ns128_seed0,untrained,local,16,0,last,30,43,22.765226173637767,29.83418867242773,-578.638075808224,0.7630583296095134,-0.35591868070693744
untrained_local_n16_ns128_seed0,untrained,local,16,0,last,41,43,29.85412602535256,40.68604824341104,-579.1860116818264,0.7337681420113671,-0.35310016443399894
untrained_count_ones_n16_ns128_seed0,untrained,count_ones,16,0,last,10,43,8.052083240545782,9.981593613500841,-438.56923662864557,0.8066931546536563,-0.36110845169399214
untrained_count_ones_n16_ns128_seed0,untrained,count_ones,16,0,last,15,43,11.940247432843115,14.959828476839263,-717.7979368102689,0.7981540330712315,-0.36125643781817246
untrained_count_ones_n16_ns128_seed0,untrained,count_ones,16,0,last,20,43,15.70754113522381,19.928054526044242,-504.69066195982964,0.7882124727577101,-0.3617934606243967
untrained_count_ones_n16_ns128_seed0,untrained,count_ones,16,0,last,30,43,22.80788277572874,29.83418867242773,-575.1463704612709,0.7644881188543067,-0.3636548126755245
untrained_count_ones_n16_ns128_seed0,untrained,count_ones,16,0,last,41,43,29.565792932326456,40.68604824341104,-594.6032655010296,0.7266813615184299,-0.3673841757963034
untrained_track_n16_ns128_seed1,untrained,track,16,1,last,10,43,7.839445398132701,9.981593613500841,-486.9008846636051,0.7853901592957334,-0.3853800380037684
untrained_track_n16_ns128_seed1,untrained,track,16,1,last,15,43,11.520923098491874,14.959828476839263,-817.4773750058825,0.770124010200285,-0.39133674074584757
untrained_track_n16_ns128_seed1,untrained,track,16,1,last,20,43,15.008826089979527,19.928054526044242,-588.243283655713,0.7531505933187954,-0.4039501942325575
untrained_track_n16_ns128_seed1,untrained,track,16,1,last,30,43,21.619544208253213,29.83418867242773,-672.4191940489534,0.7246566831640924,-0.4218712818851162
untrained_track_n16_ns128_seed1,untrained,track,16,1,last,41,43,29.00020404994632,40.68604824341104,-624.845466510487,0.7127800634863279,-0.41776360802813856
untrained_local_n16_ns128_seed1,untrained,local,16,1,last,10,43,7.99134310038356,9.981593613500841,-452.3752038196202,0.8006079399560686,-0.37150762326227427
untrained_local_n16_ns128_seed1,untrained,local,16,1,last,15,43,11.796478456625195,14.959828476839263,-751.9738946676463,0.7885436972013715,-0.3765723840649254
untrained_local_n16_ns128_seed1,untrained,local,16,1,last,20,43,15.485189721032043,19.928054526044242,-531.2795320864407,0.7770547647184647,-0.38094769857134664
untrained_local_n16_ns128_seed1,untrained,local,16,1,last,30,43,21.93843986184479,29.83418867242773,-646.3156226395109,0.7353456164913221,-0.3951531973027218
untrained_local_n16_ns128_seed1,untrained,local,16,1,last,41,43,28.11893183494172,40.68604824341104,-671.9673465553394,0.6911197584664783,-0.4061389253403574
untrained_count_ones_n16_ns128_seed1,untrained,count_ones,16,1,last,10,43,8.15790480374705,9.981593613500841,-414.51645990220976,0.8172948248176405,-0.35090679456653934
untrained_count_ones_n16_ns128_seed1,untrained,count_ones,16,1,last,15,43,12.048116404308178,14.959828476839263,-692.1559275264251,0.805364608488728,-0.35281619054654306
untrained_count_ones_n16_ns128_seed1,untrained,count_ones,16,1,last,20,43,15.856139250312546,19.928054526044242,-486.92124053512026,0.7956692024095953,-0.3569183200033413
untrained_count_ones_n16_ns128_seed1,untrained,count_ones,16,1,last,30,43,22.8835063307478,29.83418867242773,-568.9561171716973,0.7670229139462527,-0.3702569195952675
untrained_count_ones_n16_ns128_seed1,untrained,count_ones,16,1,last,41,43,29.84227101082998,40.68604824341104,-579.8199027347289,0.7334767641303879,-0.38832996264065145
untrained_track_n32_ns128_seed0,untrained,track,32,0,last,10,42,8.10166844482041,9.981593613500841,-427.2987373913214,0.811660818755665,-0.3532183405694936
untrained_track_n32_ns128_seed0,untrained,track,32,0,last,15,42,12.012903614374313,14.959828476839263,-700.5265152323315,0.8030107853825085,-0.3528953821083296
untrained_track_n32_ns128_seed0,untrained,track,32,0,last,20,42,15.732828765619548,19.928054526044242,-501.666757107027,0.7894814190245266,-0.35648281197721204
untrained_track_n32_ns128_seed0,untrained,track,32,0,last,30,42,22.712938192663167,29.83418867242773,-582.9181687786167,0.7613057101047999,-0.3430018700420993
untrained_track_n32_ns128_seed0,untrained,track,32,0,last,41,42,29.53363167084747,40.68604824341104,-596.3229374476778,0.725890887563167,-0.3337687772797504
untrained_local_n32_ns128_seed0,untrained,local,32,0,last,10,41,8.137758094788866,9.981593613500841,-419.09571839815555,0.8152764388025123,-0.35430834123906924
untrained_local_n32_ns128_seed0,untrained,local,32,0,last,15,41,12.036588223670952,14.959828476839263,-694.8963422250239,0.804593999343371,-0.35613868820442696
untrained_local_n32_ns128_seed0,untrained,local,32,0,last,20,41,15.883891722834251,19.928054526044242,-483.6025888851895,0.7970618357188546,-0.35433497718937934
untrained_local_n32_ns128_seed0,untrained,local,32,0,last,30,41,22.606577384138376,29.83418867242773,-591.6244553937638,0.7577406455510891,-0.35854254879984626
untrained_local_n32_ns128_seed0,untrained,local,32,0,last,41,41,29.325339422941887,40.68604824341104,-607.4603841445854,0.720771386975166,-0.3681418652270901
untrained_count_ones_n32_ns128_seed0,untrained,count_ones,32,0,last,10,43,8.169913312340949,9.981593613500841,-411.78697861986296,0.8184978900854608,-0.3464160774021968
untrained_count_ones_n32_ns128_seed0,untrained,count_ones,32,0,last,15,43,12.059005264515257,14.959828476839263,-689.5674885089009,0.806092481821229,-0.3507008070689312
untrained_count_ones_n32_ns128_seed0,untrained,count_ones,32,0,last,20,43,15.818768672874507,19.928054526044242,-491.3900289782625,0.7937939276611646,-0.35860439306146147
untrained_count_ones_n32_ns128_seed0,untrained,count_ones,32,0,last,30,43,22.64639364745656,29.83418867242773,-588.3652492519501,0.7590752306392025,-0.37706186611791187
untrained_count_ones_n32_ns128_seed0,untrained,count_ones,32,0,last,41,43,29.8081094249393,40.68604824341104,-581.6465326058114,0.7326371253017088,-0.37975320927277467
untrained_track_n32_ns128_seed1,untrained,track,32,1,last,10,41,8.256058948919481,9.981593613500841,-392.2064536314049,0.8271283392816706,-0.3389375341484333
untrained_track_n32_ns128_seed1,untrained,track,32,1,last,15,41,12.246832754383908,14.959828476839263,-644.918186920511,0.8186479392691164,-0.33870121363189415
untrained_track_n32_ns128_seed1,untrained,track,32,1,last,20,41,16.022137295814723,19.928054526044242,-467.0711285438287,0.8039990694964818,-0.3482016993039407
untrained_track_n32_ns128_seed1,untrained,track,32,1,last,30,41,22.685477949732594,29.83418867242773,-585.165958625188,0.7603852814237292,-0.3626707081563174
untrained_track_n32_ns128_seed1,untrained,track,32,1,last,41,41,29.01756240676843,40.68604824341104,-623.9173101542322,0.7132067049905179,-0.37843177455433114
untrained_local_n32_ns128_seed1,untrained,local,32,1,last,10,42,8.002525179159967,9.981593613500841,-449.83356640650817,0.8017282098457666,-0.3708692446564887
untrained_local_n32_ns128_seed1,untrained,local,32,1,last,15,42,11.820138446839087,14.959828476839263,-746.3495739711542,0.7901252654827541,-0.37246027370906937
untrained_local_n32_ns128_seed1,untrained,local,32,1,last,20,42,15.472539175233146,19.928054526044242,-532.7922893607772,0.7764199538400438,-0.37623053508629994
untrained_local_n32_ns128_seed1,untrained,local,32,1,last,30,42,21.579803071810066,29.83418867242773,-675.6722505937903,0.7233246162230571,-0.384608437573209
untrained_local_n32_ns128_seed1,untrained,local,32,1,last,41,42,27.311607533669104,40.68604824341104,-715.135210280243,0.6712769785424448,-0.38842404452533075
untrained_count_ones_n32_ns128_seed1,untrained,count_ones,32,1,last,10,43,8.165983288731812,9.981593613500841,-412.6802557322072,0.8181041630152842,-0.3420647143207815
untrained_count_ones_n32_ns128_seed1,untrained,count_ones,32,1,last,15,43,11.8207014776107,14.959828476839263,-746.2157334415126,0.7901629016610353,-0.3524007702170774
untrained_count_ones_n32_ns128_seed1,untrained,count_ones,32,1,last,20,43,15.344352788667436,19.928054526044242,-548.1208682087431,0.7699874951974712,-0.3562713744651398
untrained_count_ones_n32_ns128_seed1,untrained,count_ones,32,1,last,30,43,22.07283812954822,29.83418867242773,-635.3142974762801,0.7398504572020616,-0.3601343629699421
untrained_count_ones_n32_ns128_seed1,untrained,count_ones,32,1,last,41,43,29.423477795818098,40.68604824341104,-602.2128969825787,0.7231834760600798,-0.36231815218772806
trained_track_n4_ns128_seed0,trained,track,4,0,mid,10,59,8.69030058769268,9.981593613500841,-293.50523559262007,0.8706325787435795,0.009408667014931519
trained_track_n4_ns128_seed0,trained,track,4,0,mid,15,59,12.569622964520676,14.959828476839263,-568.1863014427516,0.840225072365028,0.046347316161403404
trained_track_n4_ns128_seed0,trained,track,4,0,mid,20,59,14.983564789289005,19.928054526044242,-591.2640399919434,0.7518829682900949,0.10864472578299995
trained_track_n4_ns128_seed0,trained,track,4,0,mid,30,59,12.871314263625756,29.83418867242773,-1388.515642821121,0.4314283322717341,0.20947911160599517
trained_track_n4_ns128_seed0,trained,track,4,0,mid,41,59,11.87496484826978,40.68604824341104,-1540.5369562241322,0.29186822906038534,0.2903099841034574
trained_local_n4_ns128_seed0,trained,local,4,0,mid,10,61,8.569206301358559,9.981593613500841,-321.02943523520133,0.8585008199259961,0.052823526659563295
trained_local_n4_ns128_seed0,trained,local,4,0,mid,15,61,11.9420315219624,14.959828476839263,-717.373833111693,0.7982732917326558,0.11314003437670957
trained_local_n4_ns128_seed0,trained,local,4,0,mid,20,61,14.513100601380557,19.928054526044242,-647.52233381476,0.7282748339740436,0.17393589486121488
trained_local_n4_ns128_seed0,trained,local,4,0,mid,30,61,15.420309042170665,29.83418867242773,-1179.8647362482097,0.5168670484551123,0.2674895867770834
trained_local_n4_ns128_seed0,trained,local,4,0,mid,41,61,14.340682927882932,40.68604824341104,-1408.694297856254,0.35247175744587966,0.33929852382363396
trained_count_ones_n4_ns128_seed0,trained,count_ones,4,0,mid,10,110,7.716499121317079,9.981593613500841,-514.8460336118234,0.7730728599168719,0.25658459442939163
trained_count_ones_n4_ns128_seed0,trained,count_ones,4,0,mid,15,110,10.694391877974281,14.959828476839263,-1013.955759309039,0.7148739635973292,0.34854924721724506
trained_count_ones_n4_ns128_seed0,trained,count_ones,4,0,mid,20,110,11.272407614609818,19.928054526044242,-1035.0456839975122,0.5656551972937327,0.416056295881601
trained_count_ones_n4_ns128_seed0,trained,count_ones,4,0,mid,30,110,8.421852985878882,29.83418867242773,-1752.731425912256,0.28228865474938225,0.4721154183160301
trained_count_ones_n4_ns128_seed0,trained,count_ones,4,0,mid,41,110,5.676157466990876,40.68604824341104,-1871.9889785033613,0.1395111521530015,0.501253560826737
trained_track_n4_ns128_seed1,trained,track,4,1,mid,10,66,7.967967803335152,9.981593613500841,-457.6883062139792,0.7982660997696689,0.15975375569700528
trained_track_n4_ns128_seed1,trained,track,4,1,mid,15,66,11.158264963535805,14.959828476839263,-903.6864408484811,0.7458818783123736,0.23008627962485065
trained_track_n4_ns128_seed1,trained,track,4,1,mid,20,66,13.214444766939787,19.928054526044242,-802.8161125686522,0.663107617939807,0.31513210679236964
trained_track_n4_ns128_seed1,trained,track,4,1,mid,30,66,13.310493824446937,29.83418867242773,-1352.5660934988025,0.44614901281858144,0.44406816977454727
trained_track_n4_ns128_seed1,trained,track,4,1,mid,41,66,10.569668232246041,40.68604824341104,-1610.3315435445793,0.2597860615268223,0.5426976581400655
trained_local_n4_ns128_seed1,trained,local,4,1,mid,10,70,8.267684068927963,9.981593613500841,-389.56411489132955,0.8282929949928347,0.09576262318813127
trained_local_n4_ns128_seed1,trained,local,4,1,mid,15,70,11.561186241995522,14.959828476839263,-807.9062454632999,0.7728154276564398,0.18967929768543743
trained_local_n4_ns128_seed1,trained,local,4,1,mid,20,70,13.40335831201316,19.928054526044242,-780.225756067562,0.6725873965517372,0.2798368026358335
trained_local_n4_ns128_seed1,trained,local,4,1,mid,30,70,14.945878322609872,29.83418867242773,-1218.699809813526,0.5009647986983005,0.4035123804534267
trained_local_n4_ns128_seed1,trained,local,4,1,mid,41,70,14.577860731457708,40.68604824341104,-1396.0123321491042,0.35830122021788,0.4822406681485627
trained_count_ones_n4_ns128_seed1,trained,count_ones,4,1,mid,10,94,7.776692549272937,9.981593613500841,-501.16433170512056,0.7791033025782964,0.2536273179644369
trained_count_ones_n4_ns128_seed1,trained,count_ones,4,1,mid,15,94,10.398296449639476,14.959828476839263,-1084.3419103879326,0.6950812615089852,0.3698111848948343
trained_count_ones_n4_ns128_seed1,trained,count_ones,4,1,mid,20,94,12.337620348614935,19.928054526044242,-907.6671236019067,0.6191081187825301,0.43896274250358447
trained_count_ones_n4_ns128_seed1,trained,count_ones,4,1,mid,30,94,12.229356966216402,29.83418867242773,-1441.0637975733327,0.4099108274902939,0.544108770207269
trained_count_ones_n4_ns128_seed1,trained,count_ones,4,1,mid,41,94,11.10434357171786,40.68604824341104,-1581.742298609176,0.2729275525920896,0.5860752069326688
trained_track_n8_ns128_seed0,trained,track,8,0,mid,10,59,8.972998754903662,9.981593613500841,-229.24918331747386,0.8989545259353195,-0.030198647827077523
trained_track_n8_ns128_seed0,trained,track,8,0,mid,15,59,12.443454894654428,14.959828476839263,-598.1782701701331,0.8317912811580245,-0.0559260978679259
trained_track_n8_ns128_seed0,trained,track,8,0,mid,20,59,14.900359741891483,19.928054526044242,-601.2137324963643,0.7477076963241948,0.019304806923637702
trained_track_n8_ns128_seed0,trained,track,8,0,mid,30,59,17.998421831219204,29.83418867242773,-968.8303413526392,0.6032817593545975,0.1840496414001184
trained_track_n8_ns128_seed0,trained,track,8,0,mid,41,59,17.602192774766817,40.68604824341104,-1234.3004236897284,0.43263461394576286,0.2791079789490861
trained_local_n8_ns128_seed0,trained,local,8,0,mid,10,62,8.638581573376745,9.981593613500841,-305.26074048425096,0.8654511401558592,0.06167151431864368
trained_local_n8_ns128_seed0,trained,local,8,0,mid,15,62,12.61053039284495,14.959828476839263,-558.4620161119236,0.8429595574821271,0.09213895671099746
trained_local_n8_ns128_seed0,trained,local,8,0,mid,20,62,15.946430324801902,19.928054526044242,-476.1241981060619,0.8002000548503768,0.1053896418811079
trained_local_n8_ns128_seed0,trained,local,8,0,mid,30,62,17.62594455123731,29.83418867242773,-999.3198985695429,0.590796845349675,0.23197734438354436
trained_local_n8_ns128_seed0,trained,local,8,0,mid,41,62,18.582740234895706,40.68604824341104,-1181.8702675951818,0.4567349506081637,0.32550804648154064
trained_count_ones_n8_ns128_seed0,trained,count_ones,8,0,mid,10,70,7.903980233210412,9.981593613500841,-472.23239997821776,0.7918555432390771,0.14825676999808776
trained_count_ones_n8_ns128_seed0,trained,count_ones,8,0,mid,15,70,8.583257328339021,14.959828476839263,-1515.8028705399436,0.5737537259620042,0.3431021034326838
trained_count_ones_n8_ns128_seed0,trained,count_ones,8,0,mid,20,70,8.971899368522267,19.928054526044242,-1310.1413707182871,0.45021451325300077,0.45524541494259907
trained_count_ones_n8_ns128_seed0,trained,count_ones,8,0,mid,30,70,6.976025550994002,29.83418867242773,-1871.081297624793,0.23382655474861735,0.5889269088927271
trained_count_ones_n8_ns128_seed0,trained,count_ones,8,0,mid,41,70,6.200846552037509,40.68604824341104,-1843.9337014783368,0.15240719656379295,0.6669931604337465
trained_track_n8_ns128_seed1,trained,track,8,1,mid,10,67,7.897307355851465,9.981593613500841,-473.7491157059221,0.7911870250026785,0.0945626661099858
trained_track_n8_ns128_seed1,trained,track,8,1,mid,15,67,11.604911117960997,14.959828476839263,-797.5122122189506,0.7757382469944536,0.14102118727119778
trained_track_n8_ns128_seed1,trained,track,8,1,mid,20,67,14.036827996141476,19.928054526044242,-704.4752004812294,0.7043752302963923,0.2126422202971414
trained_track_n8_ns128_seed1,trained,track,8,1,mid,30,67,16.097971258968236,29.83418867242773,-1124.3939141519256,0.5395813318645973,0.3618145967392554
trained_track_n8_ns128_seed1,trained,track,8,1,mid,41,67,15.191638099812435,40.68604824341104,-1363.1934788669707,0.37338691654018447,0.4503269064374692
trained_local_n8_ns128_seed1,trained,local,8,1,mid,10,72,8.078034807600554,9.981593613500841,-432.6705593724578,0.8092930969133442,0.12967162999930223
trained_local_n8_ns128_seed1,trained,local,8,1,mid,15,72,11.352751084067236,14.959828476839263,-857.4542867775494,0.758882436496081,0.19900003212151135
trained_local_n8_ns128_seed1,trained,local,8,1,mid,20,72,14.724757939194996,19.928054526044242,-622.2122655745882,0.738895907774189,0.2268144589187464
trained_local_n8_ns128_seed1,trained,local,8,1,mid,30,72,16.407840427698044,29.83418867242773,-1099.0292160683239,0.5499677101278743,0.3583613016762078
trained_local_n8_ns128_seed1,trained,local,8,1,mid,41,72,17.793632290479,40.68604824341104,-1224.0640974540408,0.4373399004991992,0.4222324277368969
trained_count_ones_n8_ns128_seed1,trained,count_ones,8,1,mid,10,78,7.962523199600141,9.981593613500841,-458.9258407394621,0.7977206353933546,0.1647916625009368
trained_count_ones_n8_ns128_seed1,trained,count_ones,8,1,mid,15,78,10.266925655731669,14.959828476839263,-1115.5706416093196,0.6862996906433035,0.29106661003356715
trained_count_ones_n8_ns128_seed1,trained,count_ones,8,1,mid,20,78,10.021364940775836,19.928054526044242,-1184.6458621584281,0.5028772340861863,0.3962564425611893
trained_count_ones_n8_ns128_seed1,trained,count_ones,8,1,mid,30,78,8.689380765062685,29.83418867242773,-1730.832631089301,0.2912558092485776,0.5633295341926698
trained_count_ones_n8_ns128_seed1,trained,count_ones,8,1,mid,41,78,6.417272247037843,40.68604824341104,-1832.361357014514,0.15772660467405059,0.64749465244334
trained_track_n16_ns128_seed0,trained,track,16,0,mid,10,63,8.367874133424182,9.981593613500841,-366.7913530965397,0.8383304768194545,-0.09619837586176105
trained_track_n16_ns128_seed0,trained,track,16,0,mid,15,63,10.973693530019352,14.959828476839263,-947.5617309108706,0.7335440741856615,-0.10331272723165451
trained_track_n16_ns128_seed0,trained,track,16,0,mid,20,63,13.435124875131768,19.928054526044242,-776.4270978750801,0.6741814589865369,-0.04745957297090041
trained_track_n16_ns128_seed0,trained,track,16,0,mid,30,63,14.443286451119807,29.83418867242773,-1259.8400469396454,0.4841186267776089,0.1375877414998084
trained_track_n16_ns128_seed0,trained,track,16,0,mid,41,63,13.49510330227483,40.68604824341104,-1453.9076848300715,0.33168872094773455,0.29484851937114104
trained_local_n16_ns128_seed0,trained,local,16,0,mid,10,64,8.631142333549118,9.981593613500841,-306.95164703651966,0.8647058443528357,-0.009817593554894217
trained_local_n16_ns128_seed0,trained,local,16,0,mid,15,64,12.623528013875667,14.959828476839263,-555.3722942520515,0.8438283923789203,-0.04244911165749106
trained_local_n16_ns128_seed0,trained,local,16,0,mid,20,64,15.576845024608938,19.928054526044242,-520.3193546030658,0.7816540748747626,0.04779208381637008
trained_local_n16_ns128_seed0,trained,local,16,0,mid,30,64,19.91719526658701,29.83418867242773,-811.7669294667766,0.6675963434190573,0.17772889961264932
trained_local_n16_ns128_seed0,trained,local,16,0,mid,41,64,20.53583243098125,40.68604824341104,-1077.4378633805543,0.504738929377516,0.2867682914261449
trained_count_ones_n16_ns128_seed0,trained,count_ones,16,0,mid,10,66,8.438971291640971,9.981593613500841,-350.63128117225705,0.8454533031906489,0.04155997281994978
trained_count_ones_n16_ns128_seed0,trained,count_ones,16,0,mid,15,66,11.239218164404718,14.959828476839263,-884.4426981850975,0.7512932505747124,0.1529496707493823
trained_count_ones_n16_ns128_seed0,trained,count_ones,16,0,mid,20,66,13.209051415708162,19.928054526044242,-803.461051643882,0.6628369768080008,0.2525255894183145
trained_count_ones_n16_ns128_seed0,trained,count_ones,16,0,mid,30,66,15.53915996083673,29.83418867242773,-1170.1360572664294,0.5208507639156204,0.3994754239076451
trained_count_ones_n16_ns128_seed0,trained,count_ones,16,0,mid,41,66,17.160697868876245,40.68604824341104,-1257.9072839101887,0.4217833535026435,0.5193615627318708
trained_track_n16_ns128_seed1,trained,track,16,1,mid,10,70,7.637946349359613,9.981593613500841,-532.7007338069243,0.7652030973319458,-0.004259582651159848
trained_track_n16_ns128_seed1,trained,track,16,1,mid,15,70,10.825310014708947,14.959828476839263,-982.83463122207,0.723625276283658,0.06227754090272131
trained_track_n16_ns128_seed1,trained,track,16,1,mid,20,70,13.91842699351303,19.928054526044242,-718.6336392444439,0.6984338072400821,0.1410727808449285
trained_track_n16_ns128_seed1,trained,track,16,1,mid,30,70,14.659093486245489,29.83418867242773,-1242.174913255264,0.49135217475490406,0.2733192519079943
trained_track_n16_ns128_seed1,trained,track,16,1,mid,41,70,16.016327016249683,40.68604824341104,-1319.0971241504292,0.3936564917887662,0.37469567846339424
trained_local_n16_ns128_seed1,trained,local,16,1,mid,10,75,8.005049916106156,9.981593613500841,-449.2597047830112,0.8019811491101717,0.021877178616636586
trained_local_n16_ns128_seed1,trained,local,16,1,mid,15,75,10.583130038665422,14.959828476839263,-1040.4043021823652,0.7074365896006211,0.10432967779965954
trained_local_n16_ns128_seed1,trained,local,16,1,mid,20,75,13.361522455941401,19.928054526044242,-785.2285042972999,0.6704880518306013,0.15744889750039925
trained_local_n16_ns128_seed1,trained,local,16,1,mid,30,75,17.7556192175818,29.83418867242773,-988.7052292418315,0.595143357593339,0.2743240661410153
trained_local_n16_ns128_seed1,trained,local,16,1,mid,41,75,18.265959349031846,40.68604824341104,-1198.808633119506,0.4489489674630653,0.3890396341407917
trained_count_ones_n16_ns128_seed1,trained,count_ones,16,1,mid,10,74,8.851622803997007,9.981593613500841,-256.83740408079785,0.8867945487206105,0.006346859082039848
trained_count_ones_n16_ns128_seed1,trained,count_ones,16,1,mid,15,74,11.477960253123818,14.959828476839263,-827.6902625937172,0.7672521293204627,0.16752464547995244
trained_count_ones_n16_ns128_seed1,trained,count_ones,16,1,mid,20,74,13.321149460446787,19.928054526044242,-790.0563230801512,0.6684621142037321,0.2543188442456364
trained_count_ones_n16_ns128_seed1,trained,count_ones,16,1,mid,30,74,14.098278264026122,29.83418867242773,-1288.0810898864916,0.47255443809187686,0.41284147463805415
trained_count_ones_n16_ns128_seed1,trained,count_ones,16,1,mid,41,74,12.092771718595264,40.68604824341104,-1528.8907599164809,0.2972215843192303,0.528474677970317
trained_track_n32_ns128_seed0,trained,track,32,0,mid,10,70,8.327628787558726,9.981593613500841,-375.93894352231035,0.8342985208589332,0.07906065527143696
trained_track_n32_ns128_seed0,trained,track,32,0,mid,15,70,11.98424852468803,14.959828476839263,-707.3382430701463,0.8010953162492463,0.17231890890649132
trained_track_n32_ns128_seed0,trained,track,32,0,mid,20,70,15.468919064433246,19.928054526044242,-533.225183643246,0.7762382948228442,0.18305513384426175
trained_track_n32_ns128_seed0,trained,track,32,0,mid,30,70,19.30447377124028,29.83418867242773,-861.9219539324546,0.6470587815609398,0.22489813118470695
trained_track_n32_ns128_seed0,trained,track,32,0,mid,41,70,21.066045905317196,40.68604824341104,-1049.087195663551,0.5177707547139029,0.29294274640902634
trained_local_n32_ns128_seed0,trained,local,32,0,mid,10,73,8.601314387593458,9.981593613500841,-313.7314081983835,0.8617175493860566,0.10761587817601542
trained_local_n32_ns128_seed0,trained,local,32,0,mid,15,73,12.025549514395832,14.959828476839263,-697.5204025258672,0.8038561092470902,0.20000050222739957
trained_local_n32_ns128_seed0,trained,local,32,0,mid,20,73,13.926932799901428,19.928054526044242,-717.6165115495053,0.6988606329684682,0.2920320170712717
trained_local_n32_ns128_seed0,trained,local,32,0,mid,30,73,17.541890644414085,29.83418867242773,-1006.2002280261896,0.5879794767345564,0.3743071816818189
trained_local_n32_ns128_seed0,trained,local,32,0,mid,41,73,20.474230762902163,40.68604824341104,-1080.7317223770851,0.5032248558624244,0.4121497341482193
trained_count_ones_n32_ns128_seed0,trained,count_ones,32,0,mid,10,71,8.388175728434629,9.981593613500841,-362.176889680912,0.8403643800013059,0.038165646500766065
trained_count_ones_n32_ns128_seed0,trained,count_ones,32,0,mid,15,71,10.766266938927846,14.959828476839263,-996.8700213510659,0.7196785013675878,0.11530446759713422
trained_count_ones_n32_ns128_seed0,trained,count_ones,32,0,mid,20,71,13.01008858086472,19.928054526044242,-827.2531061936772,0.6528529196797239,0.19522239163726285
trained_count_ones_n32_ns128_seed0,trained,count_ones,32,0,mid,30,71,16.13276878871442,29.83418867242773,-1121.5455222332166,0.5407476960693777,0.3598332953735438
trained_count_ones_n32_ns128_seed0,trained,count_ones,32,0,mid,41,71,16.374593785655176,40.68604824341104,-1299.9404964427301,0.4024621336457021,0.48575677495147274
trained_track_n32_ns128_seed1,trained,track,32,1,mid,10,76,8.951572590176605,9.981593613500841,-234.11925649248022,0.8968079584074574,-0.04153043594544317
trained_track_n32_ns128_seed1,trained,track,32,1,mid,15,76,12.458606319588188,14.959828476839263,-594.5765580787114,0.8328040885546613,0.018875272532961805
trained_track_n32_ns128_seed1,trained,track,32,1,mid,20,76,15.449129487724974,19.928054526044242,-535.5916290597031,0.7752452437107846,0.08977594286443726
trained_track_n32_ns128_seed1,trained,track,32,1,mid,30,76,16.35623781277504,29.83418867242773,-1103.2532076103405,0.5482380631282663,0.2779466174654868
trained_track_n32_ns128_seed1,trained,track,32,1,mid,41,76,16.544810408090747,40.68604824341104,-1290.8389644444621,0.40664579437916093,0.411385485868743
trained_local_n32_ns128_seed1,trained,local,32,1,mid,10,76,8.77261204727047,9.981593613500841,-274.7962022032143,0.8788789032048816,0.05856392971832095
trained_local_n32_ns128_seed1,trained,local,32,1,mid,15,76,13.026934538279294,14.959828476839263,-459.47674891192315,0.8707943783210839,0.0757520139173237
trained_local_n32_ns128_seed1,trained,local,32,1,mid,20,76,16.11555549135934,19.928054526044242,-455.9001437411146,0.8086868424761536,0.14942372071020124
trained_local_n32_ns128_seed1,trained,local,32,1,mid,30,76,18.929642290148333,29.83418867242773,-892.604216995601,0.634494958049347,0.3095013996747353
trained_local_n32_ns128_seed1,trained,local,32,1,mid,41,76,18.369672568058856,40.68604824341104,-1193.2630573225535,0.4514980776250188,0.4380457359902493
trained_count_ones_n32_ns128_seed1,trained,count_ones,32,1,mid,10,72,8.752366282900608,9.981593613500841,-279.3979755593511,0.8768505933824422,0.0224216983922214
trained_count_ones_n32_ns128_seed1,trained,count_ones,32,1,mid,15,72,11.75873083546179,14.959828476839263,-760.9470482925377,0.7860204315622069,0.11909561451417353
trained_count_ones_n32_ns128_seed1,trained,count_ones,32,1,mid,20,72,14.825581615673297,19.928054526044242,-610.155730430373,0.7439552915864188,0.192378647942371
trained_count_ones_n32_ns128_seed1,trained,count_ones,32,1,mid,30,72,18.76833435030582,29.83418867242773,-905.8082643984607,0.6290881430153055,0.30691633622807707
trained_count_ones_n32_ns128_seed1,trained,count_ones,32,1,mid,41,72,17.98184528074522,40.68604824341104,-1214.0002944664914,0.4419658840584823,0.4350660224148279
untrained_track_n4_ns128_seed0,untrained,track,4,0,mid,10,42,8.094363058853045,9.981593613500841,-428.9592195488121,0.8109289330217594,-0.3577639150327955
untrained_track_n4_ns128_seed0,untrained,track,4,0,mid,15,42,11.923444587424786,14.959828476839263,-721.7922153535786,0.7970308353390955,-0.3610173215178311
untrained_track_n4_ns128_seed0,untrained,track,4,0,mid,20,42,15.463732172884972,19.928054526044242,-533.8454341878139,0.7759780139438706,-0.36390450763751314
untrained_track_n4_ns128_seed0,untrained,track,4,0,mid,30,42,22.54304757088862,29.83418867242773,-596.8247615068018,0.755611215656169,-0.36710567246356385
untrained_track_n4_ns128_seed0,untrained,track,4,0,mid,41,42,29.423544874523795,40.68604824341104,-602.2093102647978,0.7231851247506899,-0.3794974609365227
untrained_local_n4_ns128_seed0,untrained,local,4,0,mid,10,41,7.996689457624995,9.981593613500841,-451.1600002907948,0.8011435615660492,-0.36952566539615056
untrained_local_n4_ns128_seed0,untrained,local,4,0,mid,15,41,11.821605148710296,14.959828476839263,-746.0009177960989,0.7902233081757889,-0.36780253008846425
untrained_local_n4_ns128_seed0,untrained,local,4,0,mid,20,41,15.525051748781605,19.928054526044242,-526.5128150288087,0.7790550617217404,-0.36293277356375775
untrained_local_n4_ns128_seed0,untrained,local,4,0,mid,30,41,21.968977774869987,29.83418867242773,-643.8159065588095,0.736369204340836,-0.36480625097134545
untrained_local_n4_ns128_seed0,untrained,local,4,0,mid,41,41,28.710563041524786,40.68604824341104,-640.3326549439024,0.7056611364603187,-0.3657686240360685
untrained_count_ones_n4_ns128_seed0,untrained,count_ones,4,0,mid,10,41,8.09401782936831,9.981593613500841,-429.03768869502863,0.8108943464118349,-0.3573585280249269
untrained_count_ones_n4_ns128_seed0,untrained,count_ones,4,0,mid,15,41,12.01660703115011,14.959828476839263,-699.6461596856236,0.8032583428181791,-0.35820773596066313
untrained_count_ones_n4_ns128_seed0,untrained,count_ones,4,0,mid,20,41,15.926335627648179,19.928054526044242,-478.52712994616763,0.7991916926378255,-0.3557722163005218
untrained_count_ones_n4_ns128_seed0,untrained,count_ones,4,0,mid,30,41,23.587398755345525,29.83418867242773,-511.3381911726651,0.7906163969910338,-0.35458844695343583
untrained_count_ones_n4_ns128_seed0,untrained,count_ones,4,0,mid,41,41,31.472758187624024,40.68604824341104,-492.6372821421144,0.7735516115827475,-0.3571105902718257
untrained_track_n4_ns128_seed1,untrained,track,4,1,mid,10,42,8.245884648697267,9.981593613500841,-394.5190274036067,0.8261090330850677,-0.3401701104804271
untrained_track_n4_ns128_seed1,untrained,track,4,1,mid,15,42,12.068472979280113,14.959828476839263,-687.3168762466355,0.8067253577114515,-0.35249689544316976
untrained_track_n4_ns128_seed1,untrained,track,4,1,mid,20,42,15.54329307502571,19.928054526044242,-524.33151001573,0.7799704208311942,-0.36638829179862364
untrained_track_n4_ns128_seed1,untrained,track,4,1,mid,30,42,21.504446137662615,29.83418867242773,-681.8406793245059,0.7207987578873454,-0.3972057353858516
untrained_track_n4_ns128_seed1,untrained,track,4,1,mid,41,42,26.149444111673024,40.68604824341104,-777.2764243471458,0.6427128030530179,-0.43438241316592735
untrained_local_n4_ns128_seed1,untrained,local,4,1,mid,10,42,8.153133966676261,9.981593613500841,-415.6008502229578,0.8168168613525345,-0.3515633934160774
untrained_local_n4_ns128_seed1,untrained,local,4,1,mid,15,42,11.885488886823973,14.959828476839263,-730.8148324598897,0.7944936604871528,-0.3635605267138851
untrained_local_n4_ns128_seed1,untrained,local,4,1,mid,20,42,15.463165125937195,19.928054526044242,-533.913241886294,0.7759495592371135,-0.37082675998990877
untrained_local_n4_ns128_seed1,untrained,local,4,1,mid,30,42,21.400796408658746,29.83418867242773,-690.3250473996102,0.7173245649021792,-0.3978344111087329
untrained_local_n4_ns128_seed1,untrained,local,4,1,mid,41,42,26.866717481747237,40.68604824341104,-738.9236099402741,0.6603422706725569,-0.4119254277078281
untrained_count_ones_n4_ns128_seed1,untrained,count_ones,4,1,mid,10,41,8.049689065073359,9.981593613500841,-439.1134222023606,0.8064532956125925,-0.3615895898496804
untrained_count_ones_n4_ns128_seed1,untrained,count_ones,4,1,mid,15,41,11.974736756074552,14.959828476839263,-709.5993275671982,0.8004594955492829,-0.3578549313352028
untrained_count_ones_n4_ns128_seed1,untrained,count_ones,4,1,mid,20,41,15.784910579634545,19.928054526044242,-495.43879317058565,0.7920949111718373,-0.35371799162758844
untrained_count_ones_n4_ns128_seed1,untrained,count_ones,4,1,mid,30,41,22.718536040545988,29.83418867242773,-582.4599504858845,0.761493342084482,-0.35827701873518875
untrained_count_ones_n4_ns128_seed1,untrained,count_ones,4,1,mid,41,41,29.80012427905957,40.68604824341104,-582.073500663897,0.7324408627934417,-0.3639667239165821
untrained_track_n8_ns128_seed0,untrained,track,8,0,mid,10,42,8.196159907317929,9.981593613500841,-405.82124281222053,0.8211273895414875,-0.3467850322536916
untrained_track_n8_ns128_seed0,untrained,track,8,0,mid,15,42,12.10143723280118,14.959828476839263,-679.4807980552721,0.8089288758582072,-0.35206165805349243
untrained_track_n8_ns128_seed0,untrained,track,8,0,mid,20,42,15.725765219658735,19.928054526044242,-502.51141872911785,0.7891269666643335,-0.36148038795922205
untrained_track_n8_ns128_seed0,untrained,track,8,0,mid,30,42,22.220294096867043,29.83418867242773,-623.2441192555851,0.7447929736196472,-0.3835446608401749
untrained_track_n8_ns128_seed0,untrained,track,8,0,mid,41,42,28.715781760026097,40.68604824341104,-640.053608557304,0.7057894044717532,-0.40348964692417066
untrained_local_n8_ns128_seed0,untrained,local,8,0,mid,10,42,7.875816606601967,9.981593613500841,-478.6338686593334,0.7890339871129741,-0.3834102867345266
untrained_local_n8_ns128_seed0,untrained,local,8,0,mid,15,42,11.634804286677012,14.959828476839263,-790.4061751507486,0.7777364763700307,-0.38749679673446613
untrained_local_n8_ns128_seed0,untrained,local,8,0,mid,20,42,15.26951271201381,19.928054526044242,-557.0702742003446,0.7662319817550619,-0.39472860559057965
untrained_local_n8_ns128_seed0,untrained,local,8,0,mid,30,42,21.525349596737904,29.83418867242773,-680.12960258034,0.7214994124050466,-0.4243396536817103
untrained_local_n8_ns128_seed0,untrained,local,8,0,mid,41,42,27.346488205593637,40.68604824341104,-713.2701306710973,0.6721342913912094,-0.44980931628501725
untrained_count_ones_n8_ns128_seed0,untrained,count_ones,8,0,mid,10,39,8.124117755530317,9.981593613500841,-422.1961076263387,0.8139098895532922,-0.3549501584030556
untrained_count_ones_n8_ns128_seed0,untrained,count_ones,8,0,mid,15,39,12.193634533131739,14.959828476839263,-657.5641708833217,0.8150918676647843,-0.34328087613682134
untrained_count_ones_n8_ns128_seed0,untrained,count_ones,8,0,mid,20,39,16.162471732128335,19.928054526044242,-450.28988109821677,0.8110411235078359,-0.3414751505171325
untrained_count_ones_n8_ns128_seed0,untrained,count_ones,8,0,mid,30,39,23.629812645216333,29.83418867242773,-507.86635331433905,0.7920380508639279,-0.34246952446384715
untrained_track_n8_ns128_seed1,untrained,track,8,1,mid,10,42,8.313243637969798,9.981593613500841,-379.20862486864235,0.8328573532312038,-0.32728156157025057
untrained_track_n8_ns128_seed1,untrained,track,8,1,mid,15,42,12.283337812938896,14.959828476839263,-636.2404083372836,0.8210881449580724,-0.3297197357656418
untrained_track_n8_ns128_seed1,untrained,track,8,1,mid,20,42,16.12600225904496,19.928054526044242,-454.65091512592704,0.8092110666382245,-0.3385047653743335
untrained_track_n8_ns128_seed1,untrained,track,8,1,mid,30,42,22.659390577540194,29.83418867242773,-587.3013705545746,0.7595108694369033,-0.36057120181708174
untrained_track_n8_ns128_seed1,untrained,track,8,1,mid,41,42,28.639787934867364,40.68604824341104,-644.1170203525579,0.7039215940443535,-0.37880725831420126
untrained_local_n8_ns128_seed1,untrained,local,8,1,mid,10,41,8.05177569096705,9.981593613500841,-438.63914129765413,0.8066623429826305,-0.3635705478020264
untrained_local_n8_ns128_seed1,untrained,local,8,1,mid,15,41,12.108923652779886,14.959828476839263,-677.7011681210151,0.8094293107388808,-0.35308674059177186
untrained_local_n8_ns128_seed1,untrained,local,8,1,mid,20,41,15.97676772917851,19.928054526044242,-472.4964392816794,0.8017224013662878,-0.3524772985472273
untrained_local_n8_ns128_seed1,untrained,local,8,1,mid,30,41,22.735382927738385,29.83418867242773,-581.0809291103948,0.7620580260240177,-0.3680333842041388
untrained_local_n8_ns128_seed1,untrained,local,8,1,mid,41,41,29.496445634476117,40.68604824341104,-598.3112855600997,0.7249769124297533,-0.3835573612935902
untrained_count_ones_n8_ns128_seed1,untrained,count_ones,8,1,mid,10,39,8.287079406765919,9.981593613500841,-385.1556397522611,0.8302361053406375,-0.33506512779411546
untrained_count_ones_n8_ns128_seed1,untrained,count_ones,8,1,mid,15,39,12.409378373168332,14.959828476839263,-606.2787504884292,0.8295134126959058,-0.32831179095924
untrained_count_ones_n8_ns128_seed1,untrained,count_ones,8,1,mid,20,39,16.377866241366565,19.928054526044242,-424.53292041983275,0.8218497304873444,-0.3289626424921638
untrained_count_ones_n8_ns128_seed1,untrained,count_ones,8,1,mid,30,39,23.659692430860783,29.83418867242773,-505.4205090092057,0.7930395792102329,-0.339352603261921
untrained_track_n16_ns128_seed0,untrained,track,16,0,mid,10,42,7.803318517328564,9.981593613500841,-495.1123660622663,0.7817708092998297,-0.39098234845466373
untrained_track_n16_ns128_seed0,untrained,track,16,0,mid,15,42,11.578633780895034,14.959828476839263,-803.7587139872403,0.7739817203667155,-0.3896117558782292
untrained_track_n16_ns128_seed0,untrained,track,16,0,mid,20,42,15.292159591374206,19.928054526044242,-554.3621514016864,0.7673684137801148,-0.3874538608935124
untrained_track_n16_ns128_seed0,untrained,track,16,0,mid,30,42,22.161448418899006,29.83418867242773,-628.0610000743593,0.7428205493444592,-0.3850680434884802
untrained_track_n16_ns128_seed0,untrained,track,16,0,mid,41,42,29.25233516734802,40.68604824341104,-611.3639427911496,0.7189770555336579,-0.38904985044727464
untrained_local_n16_ns128_seed0,untrained,local,16,0,mid,10,41,7.918700279486347,9.981593613500841,-468.8865980852285,0.7933302622915565,-0.3754568852024271
untrained_local_n16_ns128_seed0,untrained,local,16,0,mid,15,41,11.584070484396657,14.959828476839263,-802.466331203121,0.7743451405429588,-0.38540754854823195
untrained_local_n16_ns128_seed0,untrained,local,16,0,mid,20,41,15.061148072715644,19.928054526044242,-581.9866002485295,0.755776137255748,-0.3927949344682274
untrained_local_n16_ns128_seed0,untrained,local,16,0,mid,30,41,21.394123463847293,29.83418867242773,-690.8712689910155,0.7171008971871051,-0.4016939530138112
untrained_local_n16_ns128_seed0,untrained,local,16,0,mid,41,41,27.38137003214285,40.68604824341104,-711.4049893238363,0.672991632618859,-0.4038877615489331
untrained_count_ones_n16_ns128_seed0,untrained,count_ones,16,0,mid,10,42,8.205577411007388,9.981593613500841,-403.68068556934446,0.8220708765290484,-0.3443376442510037
untrained_count_ones_n16_ns128_seed0,untrained,count_ones,16,0,mid,15,42,11.980380069423807,14.959828476839263,-708.257830644331,0.8008367267025672,-0.35950657695428884
untrained_count_ones_n16_ns128_seed0,untrained,count_ones,16,0,mid,20,42,15.321137128893435,19.928054526044242,-550.8970059944112,0.7688225214794567,-0.37336883405047694
untrained_count_ones_n16_ns128_seed0,untrained,count_ones,16,0,mid,30,42,20.769261642582812,29.83418867242773,-742.0200538324111,0.696156408696893,-0.40122298488233493
untrained_count_ones_n16_ns128_seed0,untrained,count_ones,16,0,mid,41,42,26.148327261518812,40.68604824341104,-777.3361426476877,0.6426853526074123,-0.42515311050976023
untrained_track_n16_ns128_seed1,untrained,track,16,1,mid,10,43,7.988027391310181,9.981593613500841,-453.1288499350164,0.8002757576210862,-0.37151305427413944
untrained_track_n16_ns128_seed1,untrained,track,16,1,mid,15,43,11.89385091299592,14.959828476839263,-728.8270583129726,0.7950526258646564,-0.36541409855415485
untrained_track_n16_ns128_seed1,untrained,track,16,1,mid,20,43,15.554562202136433,19.928054526044242,-522.9839433349584,0.7805359114111198,-0.35909252868963065
untrained_track_n16_ns128_seed1,untrained,track,16,1,mid,30,43,22.1842528100835,29.83418867242773,-626.1943203406315,0.7435849204300912,-0.36313530392591475
untrained_track_n16_ns128_seed1,untrained,track,16,1,mid,41,43,28.933608592208348,40.68604824341104,-628.406344883402,0.7111432503620955,-0.3732663128883936
untrained_local_n16_ns128_seed1,untrained,local,16,1,mid,10,41,8.26875102393223,9.981593613500841,-389.3216007031202,0.828399887243269,-0.32955448653786756
untrained_local_n16_ns128_seed1,untrained,local,16,1,mid,15,41,12.18416506308966,14.959828476839263,-659.8152004002827,0.8144588744418513,-0.3247402068355728
untrained_local_n16_ns128_seed1,untrained,local,16,1,mid,20,41,16.071915216577832,19.928054526044242,-461.11866507444165,0.8064969510984241,-0.321631050073401
untrained_local_n16_ns128_seed1,untrained,local,16,1,mid,30,41,23.272884620642664,29.83418867242773,-537.0831083016079,0.7800743260081038,-0.3215833743871107
untrained_local_n16_ns128_seed1,untrained,local,16,1,mid,41,41,29.942821947812373,40.68604824341104,-574.4434150726764,0.7359481503014121,-0.3262447732235106
untrained_count_ones_n16_ns128_seed1,untrained,count_ones,16,1,mid,10,41,8.121102461844334,9.981593613500841,-422.881470643096,0.8136078041546336,-0.35472211994520775
untrained_count_ones_n16_ns128_seed1,untrained,count_ones,16,1,mid,15,41,12.04227808407608,14.959828476839263,-693.5437803960707,0.8049743419665459,-0.34586735294552534
untrained_count_ones_n16_ns128_seed1,untrained,count_ones,16,1,mid,20,41,15.72607183593112,19.928054526044242,-502.4747534338924,0.789142352826188,-0.3428530456307676
untrained_count_ones_n16_ns128_seed1,untrained,count_ones,16,1,mid,30,41,22.97182140135908,29.83418867242773,-561.7269852400841,0.7699831107721479,-0.34402527078635403
untrained_count_ones_n16_ns128_seed1,untrained,count_ones,16,1,mid,41,41,30.466455002711022,40.68604824341104,-546.4446042848825,0.7488182391280765,-0.34714098320298364
untrained_track_n32_ns128_seed0,untrained,track,32,0,mid,10,40,8.170832748172757,9.981593613500841,-411.57799489189915,0.8185900032156291,-0.3484567968966834
untrained_track_n32_ns128_seed0,untrained,track,32,0,mid,15,40,12.207514778964695,14.959828476839263,-654.2646363862679,0.8160197022221419,-0.34472011619537485
untrained_track_n32_ns128_seed0,untrained,track,32,0,mid,20,40,16.152569031567115,19.928054526044242,-451.4740499513004,0.8105442009131952,-0.3426020429376438
untrained_track_n32_ns128_seed0,untrained,track,32,0,mid,30,40,23.80704055121517,29.83418867242773,-493.3591587261315,0.7979784807494111,-0.3307304644608621
untrained_local_n32_ns128_seed0,untrained,local,32,0,mid,10,41,8.198927039089964,9.981593613500841,-405.1922859089965,0.8214046129868793,-0.34293851550646826
untrained_local_n32_ns128_seed0,untrained,local,32,0,mid,15,41,11.977783081986185,14.959828476839263,-708.8751719898642,0.8006631292952412,-0.35121278245471826
untrained_local_n32_ns128_seed0,untrained,local,32,0,mid,20,41,15.692603315319952,19.928054526044242,-506.4769323770524,0.7874628852912399,-0.3520543415939878
untrained_local_n32_ns128_seed0,untrained,local,32,0,mid,30,41,22.471242051946923,29.83418867242773,-602.702485051091,0.7532043957580278,-0.3661427769773877
untrained_local_n32_ns128_seed0,untrained,local,32,0,mid,41,41,29.149659490077532,40.68604824341104,-616.8540409305067,0.7164534465398275,-0.367302329283362
untrained_count_ones_n32_ns128_seed0,untrained,count_ones,32,0,mid,10,42,7.8960992086551425,9.981593613500841,-474.0237222595085,0.7910659874967346,-0.3822553563869671
untrained_count_ones_n32_ns128_seed0,untrained,count_ones,32,0,mid,15,42,11.749095384207383,14.959828476839263,-763.237533936035,0.7853763432112392,-0.3781972917467071
untrained_count_ones_n32_ns128_seed0,untrained,count_ones,32,0,mid,20,42,15.508840649869908,19.928054526044242,-528.4513446538149,0.7782415804614141,-0.3763305281247165
untrained_count_ones_n32_ns128_seed0,untrained,count_ones,32,0,mid,30,42,23.1459459006677,29.83418867242773,-547.4738235847127,0.775819518834739,-0.3596967806313792
untrained_count_ones_n32_ns128_seed0,untrained,count_ones,32,0,mid,41,42,30.03484419052879,40.68604824341104,-569.5229591580205,0.7382099143873682,-0.345685743714033
untrained_track_n32_ns128_seed1,untrained,track,32,1,mid,10,40,8.414076710459856,9.981593613500841,-356.28971017985583,0.8429592544299936,-0.31523592756559626
untrained_track_n32_ns128_seed1,untrained,track,32,1,mid,15,40,12.573420831868678,14.959828476839263,-567.2834936336699,0.8404789434140096,-0.3028591225369731
untrained_track_n32_ns128_seed1,untrained,track,32,1,mid,20,40,16.449735018292976,19.928054526044242,-415.9388236257972,0.8254561425850475,-0.29696586135195097
untrained_track_n32_ns128_seed1,untrained,track,32,1,mid,30,40,23.78711350293817,29.83418867242773,-494.9903102386081,0.7973105541469553,-0.2913712985417061
untrained_local_n32_ns128_seed1,untrained,local,32,1,mid,10,41,8.090826082631661,9.981593613500841,-429.76315871551895,0.8105745831695875,-0.35220354565035156
untrained_local_n32_ns128_seed1,untrained,local,32,1,mid,15,41,11.850194597772306,14.959828476839263,-739.2047936807827,0.792134389516479,-0.35697133371744555
untrained_local_n32_ns128_seed1,untrained,local,32,1,mid,20,41,15.484966551991832,19.928054526044242,-531.3062187286104,0.7770435659815322,-0.3632434534500957
untrained_local_n32_ns128_seed1,untrained,local,32,1,mid,30,41,21.928725964891555,29.83418867242773,-647.1107648746805,0.7350200203418881,-0.3864339874603072
untrained_local_n32_ns128_seed1,untrained,local,32,1,mid,41,41,28.850552607220024,40.68604824341104,-632.8473724058757,0.709101862992857,-0.39604942722875813
untrained_count_ones_n32_ns128_seed1,untrained,count_ones,32,1,mid,10,42,8.063978248759451,9.981593613500841,-435.8655534844235,0.8078848489536106,-0.3588769223910033
untrained_count_ones_n32_ns128_seed1,untrained,count_ones,32,1,mid,15,42,12.043743624918028,14.959828476839263,-693.1954002144053,0.805072307049783,-0.34985016831421173
untrained_count_ones_n32_ns128_seed1,untrained,count_ones,32,1,mid,20,42,16.050997272883258,19.928054526044242,-463.6200410617835,0.8054472779520948,-0.34385688577352524
untrained_count_ones_n32_ns128_seed1,untrained,count_ones,32,1,mid,30,42,23.70066060929,29.83418867242773,-502.06701152782733,0.7944127748710581,-0.33939687387942225
untrained_count_ones_n32_ns128_seed1,untrained,count_ones,32,1,mid,41,42,31.19136156104737,40.68604824341104,-507.68364109546235,0.7666353186831976,-0.34458998084676806
