arm,family,item,gold,n_gold_tok,rank_best,rank_final,argmin_depth,correct_best,correct_final,logp_gold_final
trained,echo_digit,0,4,1,1,4,5,True,False,-2.9360995292663574
trained,echo_digit,1,1,1,1,2,2,True,False,-2.2794764041900635
trained,echo_digit,2,7,1,1,3,3,True,False,-2.429065704345703
trained,echo_digit,3,4,1,1,4,2,True,False,-2.9359848499298096
trained,echo_digit,4,6,1,1,2,2,True,False,-2.5159807205200195
trained,echo_digit,5,3,1,1,3,2,True,False,-2.8056070804595947
trained,echo_digit,6,9,1,1,4,2,True,False,-2.888518810272217
trained,echo_digit,7,4,1,1,4,2,True,False,-2.9361860752105713
trained,echo_digit,8,5,1,1,2,2,True,False,-2.4245059490203857
trained,echo_digit,9,2,1,1,4,4,True,False,-3.0217132568359375
trained,echo_digit,10,1,1,1,2,3,True,False,-2.2796099185943604
trained,echo_digit,11,4,1,1,4,2,True,False,-2.9364380836486816
trained,echo_digit,12,2,1,1,4,4,True,False,-3.021655321121216
trained,echo_digit,13,8,1,1,3,2,True,False,-2.7704622745513916
trained,echo_digit,14,8,1,1,3,2,True,False,-2.7709953784942627
trained,echo_digit,15,3,1,1,3,4,True,False,-2.80556058883667
trained,echo_word,0,paper,1,1,1,7,True,True,-1.3018200397491455
trained,echo_word,1,chair,1,1,1,4,True,True,-0.6280900239944458
trained,echo_word,2,cloud,1,1,1,6,True,True,-0.9925198554992676
trained,echo_word,3,night,1,1,2,5,True,False,-2.1460678577423096
trained,echo_word,4,queen,2,1,1,9,True,True,-1.1599627118557692
trained,echo_word,5,water,1,1,1,7,True,True,-1.659316062927246
trained,echo_word,6,paper,1,1,1,6,True,True,-1.3026084899902344
trained,echo_word,7,water,1,1,1,8,True,True,-1.6587629318237305
trained,echo_word,8,green,1,1,1,6,True,True,-1.5264060497283936
trained,echo_word,9,apple,1,1,1,7,True,True,-0.9205739498138428
trained,echo_word,10,youth,2,2,2,6,False,False,-2.0229720007628202
trained,echo_word,11,chair,1,1,1,6,True,True,-0.6290526986122131
trained,echo_word,12,chair,1,1,1,8,True,True,-0.6279721260070801
trained,echo_word,13,table,1,2,2,9,False,False,-1.4242898225784302
trained,echo_word,14,youth,2,1,2,5,True,False,-2.0193344745785
trained,echo_word,15,cloud,1,1,1,5,True,True,-0.99553382396698
trained,nth_item,0,5,1,3,3,18,False,False,-3.219646453857422
trained,nth_item,1,6,1,8,13,2,False,False,-4.48499870300293
trained,nth_item,2,1,1,1,2,3,True,False,-2.9336001873016357
trained,nth_item,3,2,1,1,10,2,True,False,-4.142026901245117
trained,nth_item,4,8,1,9,19,1,False,False,-4.862837791442871
trained,nth_item,5,9,1,5,16,2,False,False,-4.484702110290527
trained,nth_item,6,2,1,2,3,12,False,False,-3.170177936553955
trained,nth_item,7,6,1,10,12,2,False,False,-4.3267598152160645
trained,nth_item,8,3,1,1,8,2,True,False,-3.964019536972046
trained,nth_item,9,9,1,1,27,2,True,False,-5.524389266967773
trained,nth_item,10,9,1,11,21,4,False,False,-4.929157257080078
trained,nth_item,11,5,1,1,6,2,True,False,-3.504626750946045
trained,nth_item,12,3,1,2,2,2,False,False,-2.75884747505188
trained,nth_item,13,2,1,7,9,18,False,False,-3.74922513961792
trained,nth_item,14,3,1,4,9,2,False,False,-4.264680862426758
trained,nth_item,15,9,1,6,12,10,False,False,-4.344672679901123
trained,last_item,0,2,1,4,5,3,False,False,-4.317981243133545
trained,last_item,1,0,1,10,10,37,False,False,-5.1346845626831055
trained,last_item,2,3,1,4,5,16,False,False,-4.59231424331665
trained,last_item,3,0,1,11,11,3,False,False,-5.378007888793945
trained,last_item,4,7,1,5,7,4,False,False,-4.657632350921631
trained,last_item,5,3,1,3,4,9,False,False,-3.845837354660034
trained,last_item,6,9,1,3,7,3,False,False,-4.957137584686279
trained,last_item,7,2,1,1,4,4,True,False,-4.341102600097656
trained,last_item,8,9,1,4,5,9,False,False,-4.319608211517334
trained,last_item,9,6,1,3,5,15,False,False,-4.4700517654418945
trained,last_item,10,3,1,2,6,4,False,False,-4.594666957855225
trained,last_item,11,8,1,2,6,6,False,False,-4.666629791259766
trained,last_item,12,2,1,3,5,3,False,False,-4.209249973297119
trained,last_item,13,5,1,4,4,4,False,False,-4.075892925262451
trained,last_item,14,1,1,1,3,3,True,False,-3.5615148544311523
trained,last_item,15,1,1,1,3,3,True,False,-3.361943006515503
trained,add1,0,2,1,1,7,5,True,False,-3.751152515411377
trained,add1,1,7,1,2,16,5,False,False,-4.943282604217529
trained,add1,2,3,1,1,31,4,True,False,-6.134581089019775
trained,add1,3,6,1,1,26,5,True,False,-5.590132713317871
trained,add1,4,5,1,1,35,5,True,False,-6.511593341827393
trained,add1,5,2,1,1,7,5,True,False,-3.751171588897705
trained,add1,6,4,1,1,30,5,True,False,-6.250527858734131
trained,add1,7,9,1,1,28,5,True,False,-6.099524021148682
trained,add1,8,7,1,2,16,5,False,False,-4.943310737609863
trained,add1,9,7,1,1,16,4,True,False,-4.943290710449219
trained,add1,10,8,1,1,22,5,True,False,-5.664525985717773
trained,add1,11,2,1,1,7,5,True,False,-3.7513110637664795
trained,add1,12,1,1,1,5,4,True,False,-3.2914223670959473
trained,add1,13,2,1,1,7,5,True,False,-3.751316547393799
trained,add1,14,5,1,1,35,5,True,False,-6.511586666107178
trained,add1,15,3,1,2,31,4,False,False,-6.134586811065674
trained,sub1,0,3,1,1,16,5,True,False,-5.0136942863464355
trained,sub1,1,8,1,4,15,6,False,False,-5.0085272789001465
trained,sub1,2,3,1,2,16,5,False,False,-5.013733386993408
trained,sub1,3,2,1,2,7,2,False,False,-4.562801361083984
trained,sub1,4,2,1,2,7,2,False,False,-4.562777519226074
trained,sub1,5,1,1,2,9,2,False,False,-4.439813613891602
trained,sub1,6,7,1,4,13,6,False,False,-4.850922584533691
trained,sub1,7,0,1,2,21,7,False,False,-4.937542915344238
trained,sub1,8,1,1,1,9,2,True,False,-4.439835071563721
trained,sub1,9,5,1,2,28,7,False,False,-5.810635089874268
trained,sub1,10,4,1,1,9,6,True,False,-4.37409782409668
trained,sub1,11,5,1,3,28,5,False,False,-5.810633659362793
trained,sub1,12,0,1,1,21,6,True,False,-4.936338424682617
trained,sub1,13,6,1,3,20,9,False,False,-5.382782936096191
trained,sub1,14,4,1,1,9,5,True,False,-4.374092102050781
trained,sub1,15,5,1,2,28,9,False,False,-5.810641288757324
trained,add_2d,0,63,2,2,27,6,False,False,-7.980188250541687
trained,add_2d,1,74,2,4,13,4,False,False,-5.827941372990608
trained,add_2d,2,44,2,2,17,5,False,False,-6.176610375754535
trained,add_2d,3,57,2,5,31,4,False,False,-6.832536727190018
trained,add_2d,4,43,2,1,16,4,True,False,-5.902137562632561
trained,add_2d,5,68,2,1,17,5,True,False,-6.225856967270374
trained,add_2d,6,71,2,3,20,4,False,False,-6.327153638005257
trained,add_2d,7,79,2,2,15,4,False,False,-6.458055138587952
trained,add_2d,8,61,2,2,30,5,False,False,-6.962242679670453
trained,add_2d,9,75,2,4,17,3,False,False,-6.399833142757416
trained,add_2d,10,54,2,3,15,5,False,False,-5.692692197859287
trained,add_2d,11,80,2,7,35,3,False,False,-7.186016431078315
trained,add_2d,12,58,2,4,25,6,False,False,-6.694692701101303
trained,add_2d,13,36,2,1,16,5,True,False,-5.886814799159765
trained,add_2d,14,70,2,3,10,5,False,False,-5.194228790700436
trained,add_2d,15,91,2,2,15,3,False,False,-5.941039111465216
trained,compare,0,83,2,1,1,2,True,True,-0.9329234613105655
trained,compare,1,54,2,1,3,2,True,False,-2.4837126145139337
trained,compare,2,52,2,2,3,5,False,False,-1.6284050133544952
trained,compare,3,89,2,1,1,6,True,True,-0.9196834324975498
trained,compare,4,75,2,1,1,5,True,True,-0.9289138466119766
trained,compare,5,96,2,1,1,2,True,True,-0.8989532757550478
trained,compare,6,82,2,1,1,3,True,True,-0.6542321816086769
trained,compare,7,55,2,1,2,2,True,False,-1.4029062651097775
trained,compare,8,92,2,1,1,3,True,True,-0.9226436926983297
trained,compare,9,46,2,1,2,6,True,False,-1.2924415366724133
trained,compare,10,36,2,1,2,2,True,False,-1.0640903608873487
trained,compare,11,79,2,1,3,2,True,False,-1.630203234963119
trained,compare,12,26,2,1,2,2,True,False,-1.1114952694624662
trained,compare,13,81,2,1,1,5,True,True,-0.9885187566978857
trained,compare,14,32,2,1,1,6,True,True,-0.8983515205327421
trained,compare,15,87,2,1,1,2,True,True,-0.9982113875448704
trained,count4,0,3,1,9,17,2,False,False,-4.916182994842529
trained,count4,1,4,1,4,11,5,False,False,-4.611880779266357
trained,count4,2,3,1,6,16,4,False,False,-4.823838233947754
trained,count4,3,0,1,6,6,5,False,False,-3.349296808242798
trained,count4,4,2,1,3,13,2,False,False,-4.559802055358887
trained,count4,5,1,1,1,5,2,True,False,-2.5931200981140137
trained,count4,6,2,1,3,13,4,False,False,-4.45493745803833
trained,count4,7,1,1,1,5,2,True,False,-2.4362778663635254
trained,count4,8,0,1,4,6,5,False,False,-3.35007643699646
trained,count4,9,2,1,8,13,2,False,False,-4.486583709716797
trained,count4,10,4,1,7,11,2,False,False,-4.611501216888428
trained,count4,11,3,1,8,14,2,False,False,-4.6454901695251465
trained,count4,12,4,1,5,11,5,False,False,-4.613592147827148
trained,count4,13,2,1,3,13,4,False,False,-4.56098747253418
trained,count4,14,3,1,8,14,4,False,False,-4.645933151245117
trained,count4,15,4,1,5,11,2,False,False,-4.610708236694336
trained,count8,0,5,1,9,16,4,False,False,-4.834478378295898
trained,count8,1,5,1,9,15,4,False,False,-4.674848556518555
trained,count8,2,6,1,6,21,4,False,False,-5.3024468421936035
trained,count8,3,5,1,12,15,4,False,False,-4.657742023468018
trained,count8,4,3,1,10,15,21,False,False,-4.695662498474121
trained,count8,5,3,1,5,14,2,False,False,-4.746748924255371
trained,count8,6,2,1,4,9,2,False,False,-4.358892440795898
trained,count8,7,3,1,9,15,19,False,False,-4.6324872970581055
trained,count8,8,4,1,5,14,2,False,False,-4.690726280212402
trained,count8,9,6,1,11,23,2,False,False,-5.317439079284668
trained,count8,10,4,1,8,12,21,False,False,-4.562920570373535
trained,count8,11,6,1,10,22,1,False,False,-5.275886535644531
trained,count8,12,0,1,3,6,2,False,False,-3.3572347164154053
trained,count8,13,4,1,8,14,2,False,False,-4.730424880981445
trained,count8,14,4,1,6,14,5,False,False,-4.588564395904541
trained,count8,15,7,1,10,22,2,False,False,-5.2477335929870605
trained,count16,0,7,1,13,26,3,False,False,-5.296725273132324
trained,count16,1,6,1,14,26,3,False,False,-5.3472208976745605
trained,count16,2,9,1,14,30,3,False,False,-5.892326831817627
trained,count16,3,8,1,8,12,5,False,False,-4.646942138671875
trained,count16,4,12,2,1,2,1,True,False,-4.543803095817566
trained,count16,5,11,2,2,2,15,False,False,-4.685202240943909
trained,count16,6,9,1,8,33,3,False,False,-6.008548736572266
trained,count16,7,9,1,8,33,3,False,False,-6.099597454071045
trained,count16,8,7,1,14,24,4,False,False,-5.166977882385254
trained,count16,9,9,1,11,32,3,False,False,-5.998504638671875
trained,count16,10,7,1,9,23,1,False,False,-5.264904499053955
trained,count16,11,8,1,10,14,1,False,False,-4.782003879547119
trained,count16,12,6,1,10,26,2,False,False,-5.222492694854736
trained,count16,13,9,1,16,34,4,False,False,-5.970944404602051
trained,count16,14,8,1,4,16,1,False,False,-4.775300025939941
trained,count16,15,6,1,10,24,3,False,False,-5.341108798980713
trained,count_mod3,0,2,1,4,15,4,False,False,-4.718393325805664
trained,count_mod3,1,1,1,1,2,2,True,False,-1.858721375465393
trained,count_mod3,2,0,1,7,8,19,False,False,-3.4083032608032227
trained,count_mod3,3,2,1,2,14,2,False,False,-4.959329605102539
trained,count_mod3,4,2,1,3,15,2,False,False,-5.117048740386963
trained,count_mod3,5,2,1,2,14,4,False,False,-4.979777812957764
trained,count_mod3,6,1,1,1,2,4,True,False,-2.194911003112793
trained,count_mod3,7,1,1,1,2,1,True,False,-1.8807975053787231
trained,count_mod3,8,0,1,13,13,22,False,False,-4.845064163208008
trained,count_mod3,9,1,1,1,2,2,True,False,-2.1443870067596436
trained,count_mod3,10,1,1,1,2,2,True,False,-2.141934394836426
trained,count_mod3,11,1,1,1,2,2,True,False,-2.174497127532959
trained,count_mod3,12,2,1,2,14,2,False,False,-4.89790153503418
trained,count_mod3,13,2,1,3,15,4,False,False,-4.849020481109619
trained,count_mod3,14,2,1,2,15,2,False,False,-5.116720199584961
trained,count_mod3,15,2,1,1,14,2,True,False,-4.799571990966797
trained,parity8,0,1,1,2,3,3,False,False,-2.72330379486084
trained,parity8,1,1,1,1,3,2,True,False,-2.7941198348999023
trained,parity8,2,1,1,2,2,6,False,False,-2.2200889587402344
trained,parity8,3,0,1,3,4,31,False,False,-3.1453194618225098
trained,parity8,4,1,1,2,3,5,False,False,-2.6789519786834717
trained,parity8,5,0,1,2,2,10,False,False,-2.4524457454681396
trained,parity8,6,1,1,3,3,6,False,False,-2.898264169692993
trained,parity8,7,0,1,3,3,14,False,False,-2.967909097671509
trained,parity8,8,1,1,1,2,1,True,False,-2.2206897735595703
trained,parity8,9,0,1,2,2,18,False,False,-2.3648340702056885
trained,parity8,10,0,1,4,4,9,False,False,-3.3895955085754395
trained,parity8,11,0,1,3,3,25,False,False,-2.9438347816467285
trained,parity8,12,0,1,3,3,19,False,False,-2.869433879852295
trained,parity8,13,0,1,2,2,4,False,False,-2.6143388748168945
trained,parity8,14,0,1,3,4,33,False,False,-3.3438000679016113
trained,parity8,15,0,1,2,2,9,False,False,-2.452223062515259
trained,track_total,0,-4,2,10,30,4,False,False,-8.44384765625
trained,track_total,1,0,1,1,6,4,True,False,-3.0965170860290527
trained,track_total,2,-2,2,17,30,4,False,False,-7.213364481925964
trained,track_total,3,4,1,5,7,3,False,False,-3.398653030395508
trained,track_total,4,6,1,6,9,17,False,False,-3.4496097564697266
trained,track_total,5,0,1,1,5,4,True,False,-2.9966979026794434
trained,track_total,6,2,1,1,5,2,True,False,-3.036118745803833
trained,track_total,7,-2,2,10,30,5,False,False,-6.9775612354278564
trained,track_total,8,-2,2,16,26,4,False,False,-7.05470871925354
trained,track_total,9,0,1,1,5,4,True,False,-2.9903087615966797
trained,track_total,10,-4,2,11,26,4,False,False,-8.259418249130249
trained,track_total,11,0,1,1,6,4,True,False,-3.0870089530944824
trained,track_total,12,8,1,5,7,17,False,False,-3.342139720916748
trained,track_total,13,-2,2,10,29,2,False,False,-7.0039485692977905
trained,track_total,14,-2,2,14,30,4,False,False,-7.113410830497742
trained,track_total,15,0,1,1,5,4,True,False,-3.17466402053833
trained,local_last,0,Subtract,1,2,3,24,False,False,-2.873183250427246
trained,local_last,1,Subtract,1,1,4,3,True,False,-3.004272222518921
trained,local_last,2,Add,1,5,5,14,False,False,-3.4020516872406006
trained,local_last,3,Subtract,1,1,3,4,True,False,-2.8406362533569336
trained,local_last,4,Subtract,1,2,4,24,False,False,-3.1124188899993896
trained,local_last,5,Add,1,4,4,12,False,False,-3.1601600646972656
trained,local_last,6,Add,1,2,4,2,False,False,-2.9735307693481445
trained,local_last,7,Subtract,1,2,3,20,False,False,-2.7073068618774414
trained,local_last,8,Add,1,5,5,13,False,False,-3.2450923919677734
trained,local_last,9,Subtract,1,1,2,4,True,False,-2.680985450744629
trained,local_last,10,Subtract,1,1,4,4,True,False,-2.938410758972168
trained,local_last,11,Add,1,4,5,3,False,False,-3.3263168334960938
trained,local_last,12,Add,1,3,5,14,False,False,-3.230046033859253
trained,local_last,13,Subtract,1,3,4,3,False,False,-3.279268264770508
trained,local_last,14,Subtract,1,2,4,25,False,False,-3.299281597137451
trained,local_last,15,Add,1,2,5,2,False,False,-3.2940521240234375
trained,max_run,0,4,1,7,10,3,False,False,-4.900650978088379
trained,max_run,1,5,1,5,9,10,False,False,-4.761404991149902
trained,max_run,2,4,1,6,11,4,False,False,-4.859910011291504
trained,max_run,3,3,1,6,7,8,False,False,-4.242833137512207
trained,max_run,4,4,1,5,11,5,False,False,-4.832239151000977
trained,max_run,5,4,1,3,11,4,False,False,-4.783928871154785
trained,max_run,6,3,1,5,7,9,False,False,-4.215857028961182
trained,max_run,7,6,1,8,12,2,False,False,-5.193913459777832
trained,max_run,8,4,1,7,11,10,False,False,-4.932992458343506
trained,max_run,9,2,1,4,6,3,False,False,-4.24693489074707
trained,max_run,10,3,1,5,7,4,False,False,-4.272058963775635
trained,max_run,11,3,1,5,7,3,False,False,-4.226619720458984
trained,max_run,12,3,1,5,7,17,False,False,-4.185619831085205
trained,max_run,13,5,1,5,9,11,False,False,-4.731500625610352
trained,max_run,14,4,1,8,11,4,False,False,-4.786013603210449
trained,max_run,15,5,1,6,9,10,False,False,-4.79096794128418
trained,sort_min,0,18,2,1,3,1,True,False,-3.0493248850107193
trained,sort_min,1,57,2,3,4,5,False,False,-3.000396244227886
trained,sort_min,2,12,2,1,4,4,True,False,-3.563706547021866
trained,sort_min,3,56,2,4,5,6,False,False,-3.3964052945375443
trained,sort_min,4,76,2,1,6,2,True,False,-4.036381866782904
trained,sort_min,5,36,2,3,4,4,False,False,-3.439578498713672
trained,sort_min,6,7,1,3,3,15,False,False,-3.1287145614624023
trained,sort_min,7,8,1,1,3,2,True,False,-3.1514172554016113
trained,sort_min,8,20,2,1,3,3,True,False,-3.418108031153679
trained,sort_min,9,13,2,2,4,1,False,False,-3.2143855541944504
trained,sort_min,10,81,2,1,2,2,True,False,-1.8947557508945465
trained,sort_min,11,2,1,3,5,2,False,False,-3.3983325958251953
trained,sort_min,12,19,2,1,4,3,True,False,-3.1646198630332947
trained,sort_min,13,21,2,1,3,2,True,False,-3.0073503255844116
trained,sort_min,14,22,2,4,5,15,False,False,-3.7959534227848053
trained,sort_min,15,68,2,3,4,7,False,False,-3.147661991417408
trained,succ_letter,0,o,1,20,24,6,False,False,-5.481358528137207
trained,succ_letter,1,n,1,1,6,4,True,False,-4.638461589813232
trained,succ_letter,2,p,1,40,132,9,False,False,-7.94234561920166
trained,succ_letter,3,c,1,6,13,9,False,False,-4.711843967437744
trained,succ_letter,4,o,1,8,24,9,False,False,-5.481370449066162
trained,succ_letter,5,v,1,25,48,6,False,False,-6.614483833312988
trained,succ_letter,6,x,1,33,59,9,False,False,-6.358094692230225
trained,succ_letter,7,z,1,2,11,8,False,False,-5.19343900680542
trained,succ_letter,8,q,1,1,2,5,True,False,-2.6428771018981934
trained,succ_letter,9,p,1,57,132,9,False,False,-7.942351341247559
trained,succ_letter,10,e,1,2,4,10,False,False,-3.27852725982666
trained,succ_letter,11,m,1,8,8,18,False,False,-4.838221549987793
trained,succ_letter,12,e,1,3,4,8,False,False,-3.2785401344299316
trained,succ_letter,13,p,1,66,132,9,False,False,-7.942378997802734
trained,succ_letter,14,f,1,3,4,11,False,False,-4.235892295837402
trained,succ_letter,15,x,1,30,59,3,False,False,-6.358090877532959
trained,caesar1_letter,0,n,1,6,11,4,False,False,-4.982141971588135
trained,caesar1_letter,1,n,1,7,11,8,False,False,-4.9818830490112305
trained,caesar1_letter,2,g,1,2,6,9,False,False,-4.209253787994385
trained,caesar1_letter,3,j,1,5,7,9,False,False,-4.49346923828125
trained,caesar1_letter,4,b,1,2,4,8,False,False,-3.1588597297668457
trained,caesar1_letter,5,t,1,5,14,9,False,False,-5.281402111053467
trained,caesar1_letter,6,o,1,15,40,8,False,False,-6.202457904815674
trained,caesar1_letter,7,e,1,4,5,11,False,False,-4.250552177429199
trained,caesar1_letter,8,w,1,16,63,4,False,False,-6.631011009216309
trained,caesar1_letter,9,g,1,3,6,4,False,False,-4.209268569946289
trained,caesar1_letter,10,u,1,11,26,4,False,False,-5.737889289855957
trained,caesar1_letter,11,s,1,24,91,3,False,False,-7.282837867736816
trained,caesar1_letter,12,n,1,2,11,4,False,False,-4.9819512367248535
trained,caesar1_letter,13,o,1,11,40,11,False,False,-6.202367782592773
trained,caesar1_letter,14,q,1,2,6,8,False,False,-4.360724449157715
trained,caesar1_letter,15,m,1,5,12,11,False,False,-4.901413917541504
trained,caesar1_word,0,gcns,2,1990,2481,11,False,False,-19.27514362335205
trained,caesar1_word,1,iekb,2,488,1763,4,False,False,-18.11595869064331
trained,caesar1_word,2,rhod,2,719,773,21,False,False,-12.812246561050415
trained,caesar1_word,3,vfar,2,8,9,14,False,False,-15.882002830505371
trained,caesar1_word,4,chkn,2,124,125,27,False,False,-15.19859504699707
trained,caesar1_word,5,rtvj,2,601,705,12,False,False,-15.408102035522461
trained,caesar1_word,6,latw,2,1198,1786,2,False,False,-14.624988079071045
trained,caesar1_word,7,ionj,2,5049,6464,11,False,False,-16.612832069396973
trained,caesar1_word,8,fxmq,2,590,1060,11,False,False,-16.34921646118164
trained,caesar1_word,9,rgrt,2,1167,1530,12,False,False,-16.752089500427246
trained,caesar1_word,10,tnab,2,139,262,10,False,False,-13.928921699523926
trained,caesar1_word,11,pbyt,3,12,16,9,False,False,-14.274112462997437
trained,caesar1_word,12,acuj,2,13918,15382,12,False,False,-18.107303380966187
trained,caesar1_word,13,fthi,2,17,22,5,False,False,-16.775203227996826
trained,caesar1_word,14,dmty,2,654,699,22,False,False,-16.955463409423828
trained,caesar1_word,15,tebf,2,218,271,10,False,False,-14.268499851226807
trained,rot13_word,0,uzxq,2,3717,4613,10,False,False,-20.20395278930664
trained,rot13_word,1,aeqc,3,17,203,1,False,False,-19.301301956176758
trained,rot13_word,2,svdq,2,3780,7330,1,False,False,-19.61885929107666
trained,rot13_word,3,sypi,2,1453,6253,1,False,False,-22.211896896362305
trained,rot13_word,4,jlhi,2,6883,8968,14,False,False,-22.060466766357422
trained,rot13_word,5,mroq,3,12,38,13,False,False,-14.429930448532104
trained,rot13_word,6,xwre,2,2857,5102,13,False,False,-17.542330741882324
trained,rot13_word,7,xzmb,2,1263,2129,12,False,False,-16.52041006088257
trained,rot13_word,8,ovxf,2,957,2704,11,False,False,-19.576342582702637
trained,rot13_word,9,plez,2,2883,5469,3,False,False,-16.665902137756348
trained,rot13_word,10,xali,2,129,209,13,False,False,-20.00542688369751
trained,rot13_word,11,knya,3,173,436,13,False,False,-18.454336643218994
trained,rot13_word,12,mnlr,2,1949,3676,14,False,False,-17.912809371948242
trained,rot13_word,13,fpjz,2,5134,6930,12,False,False,-19.852818489074707
trained,rot13_word,14,ttly,2,1972,10047,5,False,False,-20.750033378601074
trained,rot13_word,15,lldm,2,7996,13951,1,False,False,-19.531301021575928
untrained,echo_digit,0,4,1,3927,6126,4,False,False,-10.461394309997559
untrained,echo_digit,1,1,1,45368,64407,1,False,False,-12.608648300170898
untrained,echo_digit,2,7,1,11044,14383,4,False,False,-10.802593231201172
untrained,echo_digit,3,4,1,5537,6126,2,False,False,-10.461394309997559
untrained,echo_digit,4,6,1,6316,10514,3,False,False,-10.6633882522583
untrained,echo_digit,5,3,1,14638,17220,6,False,False,-10.887727737426758
untrained,echo_digit,6,9,1,1220,1505,8,False,False,-10.04248332977295
untrained,echo_digit,7,4,1,587,6126,2,False,False,-10.461394309997559
untrained,echo_digit,8,5,1,25459,61540,2,False,False,-12.255266189575195
untrained,echo_digit,9,2,1,19839,32559,1,False,False,-11.282812118530273
untrained,echo_digit,10,1,1,56295,64407,2,False,False,-12.608649253845215
untrained,echo_digit,11,4,1,2689,6126,2,False,False,-10.461395263671875
untrained,echo_digit,12,2,1,2849,32559,1,False,False,-11.282814025878906
untrained,echo_digit,13,8,1,3352,34713,1,False,False,-11.335990905761719
untrained,echo_digit,14,8,1,15642,34713,1,False,False,-11.335990905761719
untrained,echo_digit,15,3,1,13570,17220,7,False,False,-10.887727737426758
untrained,echo_word,0,paper,1,27266,28164,4,False,False,-11.174460411071777
untrained,echo_word,1,chair,1,1255,1923,4,False,False,-10.105691909790039
untrained,echo_word,2,cloud,1,40102,48905,1,False,False,-11.700172424316406
untrained,echo_word,3,night,1,31231,40516,4,False,False,-11.474088668823242
untrained,echo_word,4,queen,2,23967,30786,2,False,False,-22.48567485809326
untrained,echo_word,5,water,1,52400,62324,3,False,False,-12.32055377960205
untrained,echo_word,6,paper,1,26333,28164,7,False,False,-11.174459457397461
untrained,echo_word,7,water,1,46895,62324,1,False,False,-12.320554733276367
untrained,echo_word,8,green,1,51640,55741,4,False,False,-11.935781478881836
untrained,echo_word,9,apple,1,6959,46731,1,False,False,-11.637588500976562
untrained,echo_word,10,youth,2,21979,29067,3,False,False,-21.611926078796387
untrained,echo_word,11,chair,1,1664,1923,5,False,False,-10.105691909790039
untrained,echo_word,12,chair,1,1300,1923,4,False,False,-10.105691909790039
untrained,echo_word,13,table,1,15885,19450,3,False,False,-10.951605796813965
untrained,echo_word,14,youth,2,14118,29067,2,False,False,-21.611926078796387
untrained,echo_word,15,cloud,1,35199,48905,1,False,False,-11.700172424316406
untrained,nth_item,0,5,1,31213,61423,2,False,False,-12.247467041015625
untrained,nth_item,1,6,1,615,10809,2,False,False,-10.674556732177734
untrained,nth_item,2,1,1,40551,64366,1,False,False,-12.599064826965332
untrained,nth_item,3,2,1,9157,32304,1,False,False,-11.276618957519531
untrained,nth_item,4,8,1,6409,35041,1,False,False,-11.343770027160645
untrained,nth_item,5,9,1,1230,1552,9,False,False,-10.047738075256348
untrained,nth_item,6,2,1,6730,32296,1,False,False,-11.276873588562012
untrained,nth_item,7,6,1,2091,10509,1,False,False,-10.662979125976562
untrained,nth_item,8,3,1,12033,16951,6,False,False,-10.880699157714844
untrained,nth_item,9,9,1,1213,1571,8,False,False,-10.050761222839355
untrained,nth_item,10,9,1,969,1528,4,False,False,-10.04414176940918
untrained,nth_item,11,5,1,47615,61443,1,False,False,-12.24907112121582
untrained,nth_item,12,3,1,7489,17266,2,False,False,-10.889067649841309
untrained,nth_item,13,2,1,25694,32374,6,False,False,-11.278407096862793
untrained,nth_item,14,3,1,12642,16995,4,False,False,-10.88177490234375
untrained,nth_item,15,9,1,760,1523,1,False,False,-10.043344497680664
untrained,last_item,0,2,1,9081,32526,1,False,False,-11.282892227172852
untrained,last_item,1,0,1,19563,55723,2,False,False,-11.933836936950684
untrained,last_item,2,3,1,12696,17000,6,False,False,-10.88176441192627
untrained,last_item,3,0,1,28148,55890,2,False,False,-11.940790176391602
untrained,last_item,4,7,1,8186,14290,4,False,False,-10.798964500427246
untrained,last_item,5,3,1,12776,17276,5,False,False,-10.889745712280273
untrained,last_item,6,9,1,755,1575,5,False,False,-10.051822662353516
untrained,last_item,7,2,1,12751,32525,1,False,False,-11.282485008239746
untrained,last_item,8,9,1,1121,1590,8,False,False,-10.055268287658691
untrained,last_item,9,6,1,5922,10657,1,False,False,-10.669011116027832
untrained,last_item,10,3,1,10739,17078,6,False,False,-10.883944511413574
untrained,last_item,11,8,1,17808,35169,1,False,False,-11.346980094909668
untrained,last_item,12,2,1,19501,32465,1,False,False,-11.280795097351074
untrained,last_item,13,5,1,35206,61431,2,False,False,-12.248085021972656
untrained,last_item,14,1,1,49574,64390,1,False,False,-12.603622436523438
untrained,last_item,15,1,1,43824,64391,2,False,False,-12.604877471923828
untrained,add1,0,2,1,23018,33029,1,False,False,-11.293997764587402
untrained,add1,1,7,1,9781,14805,4,False,False,-10.815658569335938
untrained,add1,2,3,1,10569,16957,5,False,False,-10.88082218170166
untrained,add1,3,6,1,3712,10762,1,False,False,-10.672883033752441
untrained,add1,4,5,1,49051,61393,3,False,False,-12.244220733642578
untrained,add1,5,2,1,1023,33029,1,False,False,-11.293998718261719
untrained,add1,6,4,1,1287,6466,2,False,False,-10.479230880737305
untrained,add1,7,9,1,1181,1581,6,False,False,-10.052867889404297
untrained,add1,8,7,1,11163,14805,7,False,False,-10.815658569335938
untrained,add1,9,7,1,11009,14805,6,False,False,-10.815658569335938
untrained,add1,10,8,1,11003,34367,1,False,False,-11.327703475952148
untrained,add1,11,2,1,12039,33029,1,False,False,-11.293998718261719
untrained,add1,12,1,1,40773,64352,1,False,False,-12.597232818603516
untrained,add1,13,2,1,17909,33029,1,False,False,-11.293998718261719
untrained,add1,14,5,1,35746,61393,2,False,False,-12.244219779968262
untrained,add1,15,3,1,11190,16957,4,False,False,-10.880823135375977
untrained,sub1,0,3,1,11960,17203,4,False,False,-10.88766860961914
untrained,sub1,1,8,1,2696,34363,1,False,False,-11.327390670776367
untrained,sub1,2,3,1,8502,17203,4,False,False,-10.887667655944824
untrained,sub1,3,2,1,16039,32912,1,False,False,-11.291279792785645
untrained,sub1,4,2,1,11539,32912,1,False,False,-11.291278839111328
untrained,sub1,5,1,1,58559,64387,2,False,False,-12.603082656860352
untrained,sub1,6,7,1,10451,15354,4,False,False,-10.832769393920898
untrained,sub1,7,0,1,32016,55859,1,False,False,-11.939352989196777
untrained,sub1,8,1,1,43997,64387,1,False,False,-12.603082656860352
untrained,sub1,9,5,1,42982,61470,1,False,False,-12.249698638916016
untrained,sub1,10,4,1,5195,6255,2,False,False,-10.46811294555664
untrained,sub1,11,5,1,42607,61470,3,False,False,-12.249698638916016
untrained,sub1,12,0,1,26041,55859,1,False,False,-11.939352989196777
untrained,sub1,13,6,1,7588,10752,5,False,False,-10.672300338745117
untrained,sub1,14,4,1,2376,6255,2,False,False,-10.468113899230957
untrained,sub1,15,5,1,29495,61470,2,False,False,-12.249698638916016
untrained,add_2d,0,63,2,1156,10910,2,False,False,-22.39298439025879
untrained,add_2d,1,74,2,11218,14592,6,False,False,-22.934728622436523
untrained,add_2d,2,44,2,4169,6365,4,False,False,-21.367467880249023
untrained,add_2d,3,57,2,22763,61223,2,False,False,-24.182860374450684
untrained,add_2d,4,43,2,4229,6403,2,False,False,-21.722206115722656
untrained,add_2d,5,68,2,5016,10435,3,False,False,-22.198561668395996
untrained,add_2d,6,71,2,10255,14544,6,False,False,-21.772830963134766
untrained,add_2d,7,79,2,7854,14828,3,False,False,-21.90947914123535
untrained,add_2d,8,61,2,6131,10640,4,False,False,-22.020533561706543
untrained,add_2d,9,75,2,9371,14435,6,False,False,-21.94664478302002
untrained,add_2d,10,54,2,32546,61307,2,False,False,-23.279525756835938
untrained,add_2d,11,80,2,14751,33977,2,False,False,-22.387322425842285
untrained,add_2d,12,58,2,19436,61248,1,False,False,-23.161191940307617
untrained,add_2d,13,36,2,9530,16738,6,False,False,-22.491085052490234
untrained,add_2d,14,70,2,10948,14555,4,False,False,-23.654675483703613
untrained,add_2d,15,91,2,1214,1602,8,False,False,-20.472972869873047
untrained,compare,0,83,2,5258,33980,1,False,False,-22.081506729125977
untrained,compare,1,54,2,27945,61266,2,False,False,-23.272228240966797
untrained,compare,2,52,2,27767,61177,3,False,False,-23.300786018371582
untrained,compare,3,89,2,12844,34121,1,False,False,-22.186817169189453
untrained,compare,4,75,2,10174,14727,3,False,False,-21.952810287475586
untrained,compare,5,96,2,1011,1583,5,False,False,-21.90576171875
untrained,compare,6,82,2,12110,33921,1,False,False,-21.506693840026855
untrained,compare,7,55,2,28519,61263,1,False,False,-23.58799171447754
untrained,compare,8,92,2,1069,1558,6,False,False,-22.3696928024292
untrained,compare,9,46,2,5984,6267,8,False,False,-21.750776290893555
untrained,compare,10,36,2,12411,16976,4,False,False,-22.500980377197266
untrained,compare,11,79,2,10758,14692,3,False,False,-21.900742530822754
untrained,compare,12,26,2,6145,32595,1,False,False,-22.63997173309326
untrained,compare,13,81,2,10710,33804,1,False,False,-21.692651748657227
untrained,compare,14,32,2,11422,16980,6,False,False,-22.50160312652588
untrained,compare,15,87,2,15951,34283,1,False,False,-22.129974365234375
untrained,count4,0,3,1,9476,16842,4,False,False,-10.876325607299805
untrained,count4,1,4,1,3225,5905,4,False,False,-10.448470115661621
untrained,count4,2,3,1,12933,16847,6,False,False,-10.876446723937988
untrained,count4,3,0,1,26271,55698,1,False,False,-11.932961463928223
untrained,count4,4,2,1,10971,32302,1,False,False,-11.277188301086426
untrained,count4,5,1,1,52559,64422,1,False,False,-12.61019229888916
untrained,count4,6,2,1,6342,32297,1,False,False,-11.277002334594727
untrained,count4,7,1,1,47583,64421,1,False,False,-12.610172271728516
untrained,count4,8,0,1,18840,55698,1,False,False,-11.932960510253906
untrained,count4,9,2,1,18013,32243,1,False,False,-11.275824546813965
untrained,count4,10,4,1,3289,5905,2,False,False,-10.448471069335938
untrained,count4,11,3,1,10365,16872,6,False,False,-10.877330780029297
untrained,count4,12,4,1,5741,5905,8,False,False,-10.448470115661621
untrained,count4,13,2,1,5324,32302,1,False,False,-11.277188301086426
untrained,count4,14,3,1,11029,16872,6,False,False,-10.877330780029297
untrained,count4,15,4,1,5739,5905,9,False,False,-10.448470115661621
untrained,count8,0,5,1,37143,61421,1,False,False,-12.246646881103516
untrained,count8,1,5,1,37710,61412,3,False,False,-12.246190071105957
untrained,count8,2,6,1,1791,10479,1,False,False,-10.661689758300781
untrained,count8,3,5,1,39829,61413,2,False,False,-12.24646282196045
untrained,count8,4,3,1,9679,16663,5,False,False,-10.87098503112793
untrained,count8,5,3,1,12590,16626,5,False,False,-10.869912147521973
untrained,count8,6,2,1,17379,32277,1,False,False,-11.275980949401855
untrained,count8,7,3,1,11626,16640,4,False,False,-10.870397567749023
untrained,count8,8,4,1,5471,5950,6,False,False,-10.451130867004395
untrained,count8,9,6,1,4853,10483,3,False,False,-10.661864280700684
untrained,count8,10,4,1,5321,5951,4,False,False,-10.451064109802246
untrained,count8,11,6,1,1433,10496,1,False,False,-10.662132263183594
untrained,count8,12,0,1,20247,55905,1,False,False,-11.941627502441406
untrained,count8,13,4,1,3353,5948,4,False,False,-10.451119422912598
untrained,count8,14,4,1,5355,5944,7,False,False,-10.450769424438477
untrained,count8,15,7,1,10248,14639,4,False,False,-10.810855865478516
untrained,count16,0,7,1,8332,14672,2,False,False,-10.811708450317383
untrained,count16,1,6,1,2560,10840,2,False,False,-10.675857543945312
untrained,count16,2,9,1,1289,1658,5,False,False,-10.064409255981445
untrained,count16,3,8,1,25637,34467,3,False,False,-11.329706192016602
untrained,count16,4,12,2,43840,64497,1,False,False,-23.972888946533203
untrained,count16,5,11,2,51660,64482,2,False,False,-23.792743682861328
untrained,count16,6,9,1,1085,1654,8,False,False,-10.064153671264648
untrained,count16,7,9,1,705,1654,2,False,False,-10.064043998718262
untrained,count16,8,7,1,11755,14670,4,False,False,-10.811415672302246
untrained,count16,9,9,1,1447,1657,8,False,False,-10.064229011535645
untrained,count16,10,7,1,11149,14688,2,False,False,-10.81243896484375
untrained,count16,11,8,1,3030,34433,1,False,False,-11.32889175415039
untrained,count16,12,6,1,7395,10892,3,False,False,-10.678003311157227
untrained,count16,13,9,1,967,1649,8,False,False,-10.063118934631348
untrained,count16,14,8,1,8790,34435,1,False,False,-11.328999519348145
untrained,count16,15,6,1,980,10886,1,False,False,-10.677705764770508
untrained,count_mod3,0,2,1,4691,32734,1,False,False,-11.286483764648438
untrained,count_mod3,1,1,1,42672,64460,1,False,False,-12.620954513549805
untrained,count_mod3,2,0,1,17266,55885,1,False,False,-11.94028377532959
untrained,count_mod3,3,2,1,14910,32746,1,False,False,-11.286803245544434
untrained,count_mod3,4,2,1,9398,32754,1,False,False,-11.28697681427002
untrained,count_mod3,5,2,1,10100,32721,1,False,False,-11.286160469055176
untrained,count_mod3,6,1,1,49110,64458,1,False,False,-12.620698928833008
untrained,count_mod3,7,1,1,36980,64480,1,False,False,-12.62869644165039
untrained,count_mod3,8,0,1,21425,55785,1,False,False,-11.93632698059082
untrained,count_mod3,9,1,1,51446,64449,1,False,False,-12.619813919067383
untrained,count_mod3,10,1,1,62689,64460,2,False,False,-12.62126350402832
untrained,count_mod3,11,1,1,42208,64453,1,False,False,-12.62042236328125
untrained,count_mod3,12,2,1,3173,32739,1,False,False,-11.286484718322754
untrained,count_mod3,13,2,1,20863,32709,2,False,False,-11.28594970703125
untrained,count_mod3,14,2,1,13711,32754,1,False,False,-11.286975860595703
untrained,count_mod3,15,2,1,4075,32934,1,False,False,-11.291004180908203
untrained,parity8,0,1,1,55716,64443,2,False,False,-12.617837905883789
untrained,parity8,1,1,1,21677,64411,1,False,False,-12.608598709106445
untrained,parity8,2,1,1,54805,64447,1,False,False,-12.618867874145508
untrained,parity8,3,0,1,29751,55784,1,False,False,-11.936479568481445
untrained,parity8,4,1,1,52501,64410,1,False,False,-12.608539581298828
untrained,parity8,5,0,1,10192,55840,1,False,False,-11.93874740600586
untrained,parity8,6,1,1,28079,64434,1,False,False,-12.613516807556152
untrained,parity8,7,0,1,13738,55805,1,False,False,-11.937570571899414
untrained,parity8,8,1,1,52966,64460,1,False,False,-12.623428344726562
untrained,parity8,9,0,1,28245,55893,2,False,False,-11.940733909606934
untrained,parity8,10,0,1,33139,55734,2,False,False,-11.934869766235352
untrained,parity8,11,0,1,29020,55834,2,False,False,-11.938360214233398
untrained,parity8,12,0,1,34401,55882,1,False,False,-11.94012451171875
untrained,parity8,13,0,1,34119,55819,1,False,False,-11.938013076782227
untrained,parity8,14,0,1,41309,55736,2,False,False,-11.934791564941406
untrained,parity8,15,0,1,47737,55826,2,False,False,-11.938145637512207
untrained,track_total,0,-4,2,42414,51967,1,False,False,-22.809468269348145
untrained,track_total,1,0,1,46384,55402,2,False,False,-11.922056198120117
untrained,track_total,2,-2,2,46391,52090,4,False,False,-22.80191993713379
untrained,track_total,3,4,1,5493,5840,4,False,False,-10.443058967590332
untrained,track_total,4,6,1,4269,9897,2,False,False,-10.637712478637695
untrained,track_total,5,0,1,29727,55399,1,False,False,-11.921793937683105
untrained,track_total,6,2,1,2940,33122,1,False,False,-11.296244621276855
untrained,track_total,7,-2,2,41095,52057,1,False,False,-22.800806999206543
untrained,track_total,8,-2,2,14606,52080,1,False,False,-22.80204200744629
untrained,track_total,9,0,1,35991,55401,1,False,False,-11.921908378601074
untrained,track_total,10,-4,2,50719,51981,3,False,False,-22.809755325317383
untrained,track_total,11,0,1,8639,55413,1,False,False,-11.922554969787598
untrained,track_total,12,8,1,9712,33180,1,False,False,-11.297445297241211
untrained,track_total,13,-2,2,43540,52085,1,False,False,-22.801899909973145
untrained,track_total,14,-2,2,44847,52056,2,False,False,-22.80064582824707
untrained,track_total,15,0,1,37467,55410,1,False,False,-11.922183990478516
untrained,local_last,0,Subtract,1,4580,5194,7,False,False,-10.40346908569336
untrained,local_last,1,Subtract,1,3808,5161,4,False,False,-10.401984214782715
untrained,local_last,2,Add,1,4439,7543,1,False,False,-10.533113479614258
untrained,local_last,3,Subtract,1,3736,5108,5,False,False,-10.398962020874023
untrained,local_last,4,Subtract,1,1215,5171,3,False,False,-10.402366638183594
untrained,local_last,5,Add,1,4009,7435,4,False,False,-10.528558731079102
untrained,local_last,6,Add,1,6694,7422,1,False,False,-10.527716636657715
untrained,local_last,7,Subtract,1,4334,5167,6,False,False,-10.402168273925781
untrained,local_last,8,Add,1,7302,7480,7,False,False,-10.5306978225708
untrained,local_last,9,Subtract,1,3532,5188,5,False,False,-10.403581619262695
untrained,local_last,10,Subtract,1,3277,5174,5,False,False,-10.402802467346191
untrained,local_last,11,Add,1,6315,7522,7,False,False,-10.53225326538086
untrained,local_last,12,Add,1,6997,7522,4,False,False,-10.532083511352539
untrained,local_last,13,Subtract,1,4624,5130,8,False,False,-10.40017032623291
untrained,local_last,14,Subtract,1,3309,5162,5,False,False,-10.401792526245117
untrained,local_last,15,Add,1,5514,7522,4,False,False,-10.532188415527344
untrained,max_run,0,4,1,3192,6052,2,False,False,-10.456655502319336
untrained,max_run,1,5,1,35361,61550,3,False,False,-12.256766319274902
untrained,max_run,2,4,1,3644,6046,4,False,False,-10.456503868103027
untrained,max_run,3,3,1,12268,16870,6,False,False,-10.877473831176758
untrained,max_run,4,4,1,5799,6061,13,False,False,-10.45765209197998
untrained,max_run,5,4,1,3183,6070,4,False,False,-10.457842826843262
untrained,max_run,6,3,1,10166,16883,4,False,False,-10.877717971801758
untrained,max_run,7,6,1,3647,10611,2,False,False,-10.666608810424805
untrained,max_run,8,4,1,2351,6054,2,False,False,-10.456799507141113
untrained,max_run,9,2,1,27283,32433,7,False,False,-11.280153274536133
untrained,max_run,10,3,1,10378,16852,4,False,False,-10.876751899719238
untrained,max_run,11,3,1,13397,16902,4,False,False,-10.878376007080078
untrained,max_run,12,3,1,10497,16849,6,False,False,-10.876866340637207
untrained,max_run,13,5,1,41401,61553,3,False,False,-12.256914138793945
untrained,max_run,14,4,1,5176,6054,4,False,False,-10.457101821899414
untrained,max_run,15,5,1,46630,61568,2,False,False,-12.258153915405273
untrained,sort_min,0,18,2,43042,64389,1,False,False,-23.169401168823242
untrained,sort_min,1,57,2,29812,61331,1,False,False,-24.173465728759766
untrained,sort_min,2,12,2,45941,64392,1,False,False,-23.950098991394043
untrained,sort_min,3,56,2,42080,61192,3,False,False,-23.684497833251953
untrained,sort_min,4,76,2,10780,14910,3,False,False,-22.3560209274292
untrained,sort_min,5,36,2,11364,16838,6,False,False,-22.491801261901855
untrained,sort_min,6,7,1,10733,15207,6,False,False,-10.82824993133545
untrained,sort_min,7,8,1,9189,34448,1,False,False,-11.330266952514648
untrained,sort_min,8,20,2,4177,33007,1,False,False,-22.964527130126953
untrained,sort_min,9,13,2,25712,64407,1,False,False,-24.111740112304688
untrained,sort_min,10,81,2,5918,34200,1,False,False,-21.698591232299805
untrained,sort_min,11,2,1,10911,33247,1,False,False,-11.299991607666016
untrained,sort_min,12,19,2,51246,64434,2,False,False,-23.698893547058105
untrained,sort_min,13,21,2,20658,32934,1,False,False,-22.818137168884277
untrained,sort_min,14,22,2,5053,32863,1,False,False,-22.84213638305664
untrained,sort_min,15,68,2,867,10755,2,False,False,-22.215429306030273
untrained,succ_letter,0,o,1,59731,63865,3,False,False,-12.503375053405762
untrained,succ_letter,1,n,1,44178,55560,3,False,False,-11.92753791809082
untrained,succ_letter,2,p,1,34354,57462,1,False,False,-12.010368347167969
untrained,succ_letter,3,c,1,28768,30057,11,False,False,-11.22288990020752
untrained,succ_letter,4,o,1,44981,63865,2,False,False,-12.503376007080078
untrained,succ_letter,5,v,1,34474,47317,4,False,False,-11.653639793395996
untrained,succ_letter,6,x,1,14935,49396,1,False,False,-11.71540641784668
untrained,succ_letter,7,z,1,3253,3475,9,False,False,-10.276103973388672
untrained,succ_letter,8,q,1,12925,17762,2,False,False,-10.902985572814941
untrained,succ_letter,9,p,1,26555,57462,1,False,False,-12.010369300842285
untrained,succ_letter,10,e,1,3502,10029,2,False,False,-10.642884254455566
untrained,succ_letter,11,m,1,3086,6469,1,False,False,-10.47985553741455
untrained,succ_letter,12,e,1,2997,10029,1,False,False,-10.642884254455566
untrained,succ_letter,13,p,1,40732,57462,3,False,False,-12.010368347167969
untrained,succ_letter,14,f,1,10788,12823,7,False,False,-10.749259948730469
untrained,succ_letter,15,x,1,16242,49396,1,False,False,-11.71540641784668
untrained,caesar1_letter,0,n,1,52101,55542,7,False,False,-11.927013397216797
untrained,caesar1_letter,1,n,1,29575,55542,2,False,False,-11.927013397216797
untrained,caesar1_letter,2,g,1,35648,37409,3,False,False,-11.399547576904297
untrained,caesar1_letter,3,j,1,1380,16267,1,False,False,-10.860237121582031
untrained,caesar1_letter,4,b,1,500,658,3,False,False,-9.839173316955566
untrained,caesar1_letter,5,t,1,32944,60858,1,False,False,-12.20387077331543
untrained,caesar1_letter,6,o,1,59008,63870,1,False,False,-12.505151748657227
untrained,caesar1_letter,7,e,1,959,9491,1,False,False,-10.62055492401123
untrained,caesar1_letter,8,w,1,29860,37376,2,False,False,-11.398604393005371
untrained,caesar1_letter,9,g,1,32856,37409,3,False,False,-11.399548530578613
untrained,caesar1_letter,10,u,1,16759,23840,3,False,False,-11.068633079528809
untrained,caesar1_letter,11,s,1,2713,7537,3,False,False,-10.532065391540527
untrained,caesar1_letter,12,n,1,35509,55542,3,False,False,-11.927013397216797
untrained,caesar1_letter,13,o,1,58441,63870,2,False,False,-12.505152702331543
untrained,caesar1_letter,14,q,1,12430,17380,4,False,False,-10.892203330993652
untrained,caesar1_letter,15,m,1,4578,6586,5,False,False,-10.485639572143555
untrained,caesar1_word,0,gcns,2,38193,40058,5,False,False,-22.91378116607666
untrained,caesar1_word,1,iekb,2,25482,26098,14,False,False,-21.626885414123535
untrained,caesar1_word,2,rhod,2,10963,39999,1,False,False,-23.112586975097656
untrained,caesar1_word,3,vfar,2,42013,46987,6,False,False,-23.024867057800293
untrained,caesar1_word,4,chkn,2,33729,39392,2,False,False,-23.06837272644043
untrained,caesar1_word,5,rtvj,2,17858,26453,2,False,False,-23.553154945373535
untrained,caesar1_word,6,latw,2,9238,14065,3,False,False,-21.41953754425049
untrained,caesar1_word,7,ionj,2,28449,34985,3,False,False,-21.55751132965088
untrained,caesar1_word,8,fxmq,2,50826,51917,6,False,False,-22.850847244262695
untrained,caesar1_word,9,rgrt,2,57380,61832,3,False,False,-23.189534187316895
untrained,caesar1_word,10,tnab,2,23269,28301,4,False,False,-23.3254976272583
untrained,caesar1_word,11,pbyt,3,34429,57431,1,False,False,-34.38850688934326
untrained,caesar1_word,12,acuj,2,23974,30121,2,False,False,-23.062620162963867
untrained,caesar1_word,13,fthi,2,2501,12575,1,False,False,-23.309654235839844
untrained,caesar1_word,14,dmty,2,46309,57546,1,False,False,-22.886669158935547
untrained,caesar1_word,15,tebf,2,50173,55081,4,False,False,-22.261942863464355
untrained,rot13_word,0,uzxq,2,415,16920,1,False,False,-22.393630981445312
untrained,rot13_word,1,aeqc,3,38688,39877,5,False,False,-34.92863464355469
untrained,rot13_word,2,svdq,2,20275,21409,10,False,False,-22.652402877807617
untrained,rot13_word,3,sypi,2,35053,62028,1,False,False,-24.5307559967041
untrained,rot13_word,4,jlhi,2,60646,61861,3,False,False,-22.52689266204834
untrained,rot13_word,5,mroq,3,1046,6501,1,False,False,-32.151448249816895
untrained,rot13_word,6,xwre,2,28578,35401,5,False,False,-22.87841033935547
untrained,rot13_word,7,xzmb,2,7508,10288,1,False,False,-22.29615879058838
untrained,rot13_word,8,ovxf,2,2301,42080,2,False,False,-22.380521774291992
untrained,rot13_word,9,plez,2,23033,30283,3,False,False,-21.847020149230957
untrained,rot13_word,10,xali,2,26046,49902,1,False,False,-22.849082946777344
untrained,rot13_word,11,knya,3,5698,10369,3,False,False,-32.42991352081299
untrained,rot13_word,12,mnlr,2,32873,53759,2,False,False,-24.379355430603027
untrained,rot13_word,13,fpjz,2,4671,10445,3,False,False,-22.785222053527832
untrained,rot13_word,14,ttly,2,22405,55850,1,False,False,-22.736370086669922
untrained,rot13_word,15,lldm,2,17092,27731,1,False,False,-22.44692039489746
