family,item,n_draws,n_correct,median_best_rank,min_best_rank,max_best_rank,best_depth_min,best_depth_max,multi_token_gold,gold,frac_correct,splits,rank_spread
add1,0,24,23,1.0,1,2,2,5,False,2,0.9583333333333334,True,2.0
add1,1,24,17,1.0,1,3,4,7,False,7,0.7083333333333334,True,3.0
add1,2,24,16,1.0,1,3,4,5,False,3,0.6666666666666666,True,3.0
add1,3,24,23,1.0,1,2,5,6,False,6,0.9583333333333334,True,2.0
add1,4,24,14,1.0,1,3,4,8,False,5,0.5833333333333334,True,3.0
add1,5,24,22,1.0,1,2,2,5,False,2,0.9166666666666666,True,2.0
add1,6,24,24,1.0,1,1,2,5,False,4,1.0,False,1.0
add1,7,24,18,1.0,1,4,3,8,False,9,0.75,True,4.0
add1,8,24,16,1.0,1,3,4,7,False,7,0.6666666666666666,True,3.0
add1,9,24,17,1.0,1,3,4,7,False,7,0.7083333333333334,True,3.0
add1,10,24,9,2.0,1,4,2,8,False,8,0.375,True,4.0
add1,11,24,23,1.0,1,2,2,6,False,2,0.9583333333333334,True,2.0
add_2d,0,24,3,2.5,1,4,5,6,True,63,0.125,True,4.0
add_2d,1,24,3,2.0,1,4,3,6,True,74,0.125,True,4.0
add_2d,2,24,18,1.0,1,2,4,5,True,44,0.75,True,2.0
add_2d,3,24,2,3.0,1,5,4,5,True,57,0.08333333333333333,True,5.0
add_2d,4,24,23,1.0,1,2,4,6,True,43,0.9583333333333334,True,2.0
add_2d,5,24,14,1.0,1,3,5,6,True,68,0.5833333333333334,True,3.0
add_2d,6,24,1,2.0,1,5,3,5,True,71,0.041666666666666664,True,5.0
add_2d,7,24,17,1.0,1,3,4,6,True,79,0.7083333333333334,True,3.0
add_2d,8,24,9,2.0,1,4,5,6,True,61,0.375,True,4.0
add_2d,9,24,11,2.0,1,3,3,6,True,75,0.4583333333333333,True,3.0
add_2d,10,24,3,3.0,1,5,1,6,True,54,0.125,True,5.0
add_2d,11,24,0,5.5,2,9,1,6,True,80,0.0,False,4.5
caesar1_letter,0,24,0,4.0,3,7,4,8,False,n,0.0,False,2.3333333333333335
caesar1_letter,1,24,0,4.0,3,7,4,8,False,n,0.0,False,2.3333333333333335
caesar1_letter,2,24,0,4.0,2,4,4,15,False,g,0.0,False,2.0
caesar1_letter,3,24,0,5.0,4,6,7,15,False,j,0.0,False,1.5
caesar1_letter,4,24,17,1.0,1,2,3,11,False,b,0.7083333333333334,True,2.0
caesar1_letter,5,24,0,6.0,4,7,8,12,False,t,0.0,False,1.75
caesar1_letter,7,24,0,3.0,3,4,8,16,False,e,0.0,False,1.3333333333333333
caesar1_letter,9,24,0,3.0,2,4,4,13,False,g,0.0,False,2.0
caesar1_letter,10,24,0,10.0,6,16,4,12,False,u,0.0,False,2.6666666666666665
compare,0,24,24,1.0,1,1,2,3,True,83,1.0,False,1.0
compare,1,24,17,1.0,1,3,2,5,True,54,0.7083333333333334,True,3.0
compare,2,24,6,2.0,1,3,3,6,True,52,0.25,True,3.0
compare,3,24,24,1.0,1,1,3,6,True,89,1.0,False,1.0
compare,4,24,24,1.0,1,1,3,6,True,75,1.0,False,1.0
compare,5,24,24,1.0,1,1,2,2,True,96,1.0,False,1.0
compare,6,24,24,1.0,1,1,3,5,True,82,1.0,False,1.0
compare,7,24,21,1.0,1,2,2,4,True,55,0.875,True,2.0
compare,8,24,24,1.0,1,1,2,6,True,92,1.0,False,1.0
compare,9,24,24,1.0,1,1,2,6,True,46,1.0,False,1.0
compare,10,24,24,1.0,1,1,2,4,True,36,1.0,False,1.0
compare,11,24,23,1.0,1,2,2,4,True,79,0.9583333333333334,True,2.0
count16,4,24,16,1.0,1,2,1,18,True,12,0.6666666666666666,True,2.0
count16,5,24,13,1.0,1,2,1,16,True,11,0.5416666666666666,True,2.0
count4,0,24,0,6.0,3,10,2,5,False,3,0.0,False,3.3333333333333335
count4,1,24,0,5.0,2,8,1,5,False,4,0.0,False,4.0
count4,2,24,0,6.5,4,11,2,5,False,3,0.0,False,2.75
count4,3,24,0,4.0,2,6,2,20,False,0,0.0,False,3.0
count4,4,24,0,4.0,2,7,2,5,False,2,0.0,False,3.5
count4,5,24,21,1.0,1,3,1,5,False,1,0.875,True,3.0
count4,6,24,0,5.0,3,9,2,4,False,2,0.0,False,3.0
count4,7,24,16,1.0,1,3,1,4,False,1,0.6666666666666666,True,3.0
count4,8,24,0,4.0,2,6,2,20,False,0,0.0,False,3.0
count4,9,24,0,6.0,3,9,2,4,False,2,0.0,False,3.0
count4,10,24,0,5.0,2,8,1,5,False,4,0.0,False,4.0
count8,0,24,0,7.0,2,11,1,4,False,5,0.0,False,5.5
count8,4,24,0,6.0,2,10,2,4,False,3,0.0,False,5.0
count8,5,24,0,6.0,2,9,2,19,False,3,0.0,False,4.5
count8,6,24,0,3.0,2,8,2,21,False,2,0.0,False,4.0
count8,7,24,0,7.0,3,10,2,20,False,3,0.0,False,3.3333333333333335
count8,8,24,0,7.0,4,9,1,22,False,4,0.0,False,2.25
count8,10,24,0,7.0,3,9,1,22,False,4,0.0,False,3.0
count_mod3,0,24,1,3.0,1,5,2,4,False,2,0.041666666666666664,True,5.0
count_mod3,1,24,24,1.0,1,1,1,4,False,1,1.0,False,1.0
count_mod3,2,24,0,4.0,2,7,2,14,False,0,0.0,False,3.5
count_mod3,3,24,4,2.0,1,5,2,4,False,2,0.16666666666666666,True,5.0
count_mod3,4,24,2,3.0,1,5,2,4,False,2,0.08333333333333333,True,5.0
count_mod3,5,24,2,2.5,1,5,2,4,False,2,0.08333333333333333,True,5.0
count_mod3,6,24,24,1.0,1,1,2,4,False,1,1.0,False,1.0
count_mod3,7,24,24,1.0,1,1,1,4,False,1,1.0,False,1.0
count_mod3,9,24,24,1.0,1,1,1,3,False,1,1.0,False,1.0
count_mod3,10,24,24,1.0,1,1,1,4,False,1,1.0,False,1.0
count_mod3,11,24,24,1.0,1,1,1,4,False,1,1.0,False,1.0
echo_digit,0,24,24,1.0,1,1,1,4,False,4,1.0,False,1.0
echo_digit,1,24,24,1.0,1,1,1,3,False,1,1.0,False,1.0
echo_digit,2,24,24,1.0,1,1,1,4,False,7,1.0,False,1.0
echo_digit,3,24,23,1.0,1,2,1,6,False,4,0.9583333333333334,True,2.0
echo_digit,4,24,24,1.0,1,1,2,6,False,6,1.0,False,1.0
echo_digit,5,24,24,1.0,1,1,2,6,False,3,1.0,False,1.0
echo_digit,6,24,24,1.0,1,1,2,4,False,9,1.0,False,1.0
echo_digit,7,24,24,1.0,1,1,1,6,False,4,1.0,False,1.0
echo_digit,8,24,24,1.0,1,1,2,6,False,5,1.0,False,1.0
echo_digit,9,24,24,1.0,1,1,2,6,False,2,1.0,False,1.0
echo_digit,10,24,24,1.0,1,1,1,3,False,1,1.0,False,1.0
echo_digit,11,24,24,1.0,1,1,1,10,False,4,1.0,False,1.0
echo_word,0,24,24,1.0,1,1,5,10,False,paper,1.0,False,1.0
echo_word,1,24,24,1.0,1,1,4,8,False,chair,1.0,False,1.0
echo_word,2,24,24,1.0,1,1,4,7,False,cloud,1.0,False,1.0
echo_word,3,24,6,2.0,1,2,4,20,False,night,0.25,True,2.0
echo_word,4,24,24,1.0,1,1,4,9,True,queen,1.0,False,1.0
echo_word,5,24,24,1.0,1,1,5,11,False,water,1.0,False,1.0
echo_word,6,24,24,1.0,1,1,6,9,False,paper,1.0,False,1.0
echo_word,7,24,24,1.0,1,1,6,10,False,water,1.0,False,1.0
echo_word,8,24,24,1.0,1,1,4,6,False,green,1.0,False,1.0
echo_word,9,24,24,1.0,1,1,1,8,False,apple,1.0,False,1.0
echo_word,10,24,2,2.0,1,2,5,9,True,youth,0.08333333333333333,True,2.0
echo_word,11,24,24,1.0,1,1,3,6,False,chair,1.0,False,1.0
last_item,0,24,0,3.0,2,4,3,14,False,2,0.0,False,2.0
last_item,2,24,0,4.0,2,4,2,26,False,3,0.0,False,2.0
last_item,4,24,0,3.0,2,5,3,9,False,7,0.0,False,2.5
last_item,5,24,0,3.0,2,3,3,15,False,3,0.0,False,1.5
last_item,6,24,0,4.0,2,6,3,10,False,9,0.0,False,3.0
last_item,7,24,21,1.0,1,2,2,5,False,2,0.875,True,2.0
last_item,8,24,0,3.5,2,4,5,17,False,9,0.0,False,2.0
last_item,9,24,1,3.5,1,4,3,15,False,6,0.041666666666666664,True,4.0
last_item,10,24,0,2.5,2,4,3,9,False,3,0.0,False,2.0
last_item,11,24,0,2.0,2,3,3,9,False,8,0.0,False,1.5
local_last,0,24,2,2.0,1,2,3,25,False,Subtract,0.08333333333333333,True,2.0
local_last,1,24,12,1.5,1,3,2,16,False,Subtract,0.5,True,3.0
local_last,2,24,0,5.0,4,5,3,15,False,Add,0.0,False,1.25
local_last,3,24,15,1.0,1,2,3,24,False,Subtract,0.625,True,2.0
local_last,4,24,1,2.0,1,2,3,25,False,Subtract,0.041666666666666664,True,2.0
local_last,5,24,0,4.0,4,4,2,18,False,Add,0.0,False,1.0
local_last,6,24,1,3.0,1,3,2,15,False,Add,0.041666666666666664,True,3.0
local_last,7,24,1,2.0,1,2,3,21,False,Subtract,0.041666666666666664,True,2.0
local_last,8,24,0,4.0,3,5,3,20,False,Add,0.0,False,1.6666666666666667
local_last,9,24,17,1.0,1,2,3,19,False,Subtract,0.7083333333333334,True,2.0
local_last,10,24,15,1.0,1,3,3,16,False,Subtract,0.625,True,3.0
local_last,11,24,0,3.0,2,5,2,16,False,Add,0.0,False,2.5
max_run,0,24,0,5.0,3,8,2,5,False,4,0.0,False,2.6666666666666665
max_run,1,24,0,5.0,4,6,4,11,False,5,0.0,False,1.5
max_run,2,24,0,6.0,4,7,2,10,False,4,0.0,False,1.75
max_run,3,24,0,4.0,3,6,4,12,False,3,0.0,False,2.0
max_run,4,24,0,5.0,4,8,1,10,False,4,0.0,False,2.0
max_run,5,24,0,5.0,3,8,1,10,False,4,0.0,False,2.6666666666666665
max_run,6,24,0,5.0,3,6,3,5,False,3,0.0,False,2.0
max_run,7,24,0,7.0,3,9,3,5,False,6,0.0,False,3.0
max_run,8,24,0,7.0,4,9,1,10,False,4,0.0,False,2.25
max_run,9,24,0,3.5,2,5,2,5,False,2,0.0,False,2.5
max_run,10,24,0,4.0,3,7,2,12,False,3,0.0,False,2.3333333333333335
max_run,11,24,0,4.0,4,7,2,11,False,3,0.0,False,1.75
nth_item,0,24,0,2.0,2,3,18,20,False,5,0.0,False,1.5
nth_item,1,24,0,7.0,4,12,1,10,False,6,0.0,False,3.0
nth_item,2,24,23,1.0,1,2,1,6,False,1,0.9583333333333334,True,2.0
nth_item,3,24,17,1.0,1,4,2,2,False,2,0.7083333333333334,True,4.0
nth_item,5,24,0,8.0,4,10,1,14,False,9,0.0,False,2.5
nth_item,6,24,0,2.0,2,3,8,12,False,2,0.0,False,1.5
nth_item,8,24,19,1.0,1,2,2,2,False,3,0.7916666666666666,True,2.0
nth_item,9,24,13,1.0,1,5,1,2,False,9,0.5416666666666666,True,5.0
nth_item,11,24,12,1.5,1,4,2,19,False,5,0.5,True,4.0
parity8,0,24,14,1.0,1,2,2,6,False,1,0.5833333333333334,True,2.0
parity8,1,24,9,2.0,1,2,1,7,False,1,0.375,True,2.0
parity8,2,24,12,1.5,1,2,1,7,False,1,0.5,True,2.0
parity8,3,24,0,3.0,3,3,15,32,False,0,0.0,False,1.0
parity8,4,24,15,1.0,1,2,2,7,False,1,0.625,True,2.0
parity8,5,24,0,2.0,2,2,4,15,False,0,0.0,False,1.0
parity8,6,24,6,2.0,1,3,1,8,False,1,0.25,True,3.0
parity8,7,24,0,3.0,2,3,4,21,False,0,0.0,False,1.5
parity8,8,24,18,1.0,1,2,1,5,False,1,0.75,True,2.0
parity8,9,24,0,2.0,2,2,4,18,False,0,0.0,False,1.0
parity8,10,24,0,4.0,2,4,2,10,False,0,0.0,False,2.0
parity8,11,24,0,3.0,3,3,5,27,False,0,0.0,False,1.0
sort_min,0,24,24,1.0,1,1,1,3,True,18,1.0,False,1.0
sort_min,1,24,0,4.0,2,4,2,12,True,57,0.0,False,2.0
sort_min,2,24,22,1.0,1,2,1,4,True,12,0.9166666666666666,True,2.0
sort_min,3,24,0,4.0,2,5,2,8,True,56,0.0,False,2.5
sort_min,4,24,22,1.0,1,2,2,4,True,76,0.9166666666666666,True,2.0
sort_min,5,24,1,2.0,1,3,2,5,True,36,0.041666666666666664,True,3.0
sort_min,6,24,18,1.0,1,3,2,5,False,7,0.75,True,3.0
sort_min,7,24,24,1.0,1,1,2,3,False,8,1.0,False,1.0
sort_min,8,24,24,1.0,1,1,2,2,True,20,1.0,False,1.0
sort_min,9,24,10,2.0,1,2,1,5,True,13,0.4166666666666667,True,2.0
sort_min,10,24,24,1.0,1,1,2,3,True,81,1.0,False,1.0
sort_min,11,24,6,2.0,1,2,2,5,False,2,0.25,True,2.0
sub1,0,24,13,1.0,1,3,4,8,False,3,0.5416666666666666,True,3.0
sub1,1,24,0,4.0,2,4,3,9,False,8,0.0,False,2.0
sub1,2,24,15,1.0,1,4,2,9,False,3,0.625,True,4.0
sub1,3,24,6,2.0,1,3,2,8,False,2,0.25,True,3.0
sub1,4,24,11,2.0,1,3,2,8,False,2,0.4583333333333333,True,3.0
sub1,5,24,24,1.0,1,1,2,3,False,1,1.0,False,1.0
sub1,6,24,2,4.0,1,4,3,7,False,7,0.08333333333333333,True,4.0
sub1,7,24,24,1.0,1,1,6,9,False,0,1.0,False,1.0
sub1,8,24,22,1.0,1,2,2,5,False,1,0.9166666666666666,True,2.0
sub1,9,24,1,3.0,1,4,5,9,False,5,0.041666666666666664,True,4.0
sub1,10,24,24,1.0,1,1,4,8,False,4,1.0,False,1.0
sub1,11,24,1,3.0,1,4,6,9,False,5,0.041666666666666664,True,4.0
succ_letter,1,24,1,3.0,1,4,4,9,False,n,0.041666666666666664,True,4.0
succ_letter,3,24,0,5.0,4,7,5,10,False,c,0.0,False,1.75
succ_letter,7,24,0,2.0,2,3,4,9,False,z,0.0,False,1.5
succ_letter,8,24,16,1.0,1,2,3,5,False,q,0.6666666666666666,True,2.0
succ_letter,10,24,0,2.0,2,3,5,10,False,e,0.0,False,1.5
succ_letter,11,24,0,7.0,4,8,3,19,False,m,0.0,False,2.0
track_total,0,24,0,9.5,5,14,2,5,True,-4,0.0,False,2.8
track_total,1,24,24,1.0,1,1,2,4,False,0,1.0,False,1.0
track_total,3,24,0,6.0,3,7,1,30,False,4,0.0,False,2.3333333333333335
track_total,4,24,0,6.0,4,7,1,18,False,6,0.0,False,1.75
track_total,5,24,24,1.0,1,1,1,4,False,0,1.0,False,1.0
track_total,6,24,1,3.0,1,4,2,12,False,2,0.041666666666666664,True,4.0
track_total,9,24,24,1.0,1,1,2,5,False,0,1.0,False,1.0
track_total,11,24,24,1.0,1,1,2,4,False,0,1.0,False,1.0
