file,family,num_steps,n_ops,floor_frac,window_lo,window_hi,n_steps,ambient,pr,null_mean,null_sd,z,ratio,cos_consecutive
count_ones_n16_ns128_init0.npy,count_ones,128,16,2.0,0,23,23,5280,15.075728830983117,22.904989265816475,0.009138584098839546,-856.725763001683,0.6581853698347815,0.27216002490795205
count_ones_n16_ns128_init1.npy,count_ones,128,16,2.0,0,21,21,5280,14.838423547516634,20.919456212671992,0.0069405654821520675,-876.1580999117391,0.7093121062357365,0.16806041728948545
count_ones_n16_ns128_init2.npy,count_ones,128,16,2.0,0,22,22,5280,13.885192923410248,21.914697148349525,0.008992158692392978,-892.9451202559326,0.6336018622304344,0.12981058568213574
count_ones_n16_ns128_init3.npy,count_ones,128,16,2.0,0,21,21,5280,16.54661824955963,20.919456212671992,0.0069405654821520675,-630.0405888190646,0.7909678952140491,0.1109093751479426
count_ones_n16_ns128_init4.npy,count_ones,128,16,2.0,0,21,21,5280,15.293236534384953,20.919456212671992,0.0069405654821520675,-810.6284268558637,0.7310532539139832,0.17171066117838402
count_ones_n16_ns64_init0.npy,count_ones,64,16,2.0,0,22,22,5280,13.250319987797091,21.914697148349525,0.008992158692392978,-963.5480708188752,0.6046316724388328,0.4168061584581905
count_ones_n16_ns64_init1.npy,count_ones,64,16,2.0,0,23,23,5280,12.186602305712201,22.904989265816475,0.009138584098839546,-1172.871732007734,0.5320501207961511,0.44709813266074927
count_ones_n16_ns64_init2.npy,count_ones,64,16,2.0,0,23,23,5280,11.449816561285934,22.904989265816475,0.009138584098839546,-1253.4953533978164,0.4998830791147193,0.4613905832219279
count_ones_n16_ns64_init3.npy,count_ones,64,16,2.0,0,24,24,5280,11.610215755109536,23.89758097448345,0.007304702135578562,-1682.1172159131038,0.48583225923604145,0.48283291911309056
count_ones_n16_ns64_init4.npy,count_ones,64,16,2.0,0,23,23,5280,12.669452044160849,22.904989265816475,0.009138584098839546,-1120.0353480311437,0.5531306693545937,0.4567623544350068
count_ones_n24_ns128_init0.npy,count_ones,128,24,2.0,0,21,21,5280,14.998006965809669,20.919456212671992,0.0069405654821520675,-853.1652445452116,0.7169405750004441,0.17585014489694517
count_ones_n24_ns128_init1.npy,count_ones,128,24,2.0,0,22,22,5280,13.616054638816122,21.914697148349525,0.008992158692392978,-922.8754510920428,0.6213206847734876,0.1904952130764335
count_ones_n24_ns128_init2.npy,count_ones,128,24,2.0,0,26,26,5280,12.887677659567617,25.876184687230182,0.012997908143072164,-999.2767208918452,0.4980516956167671,0.05939246935667332
count_ones_n24_ns128_init3.npy,count_ones,128,24,2.0,0,22,22,5280,17.776763577236057,21.914697148349525,0.008992158692392978,-460.17132400187745,0.811179979212028,0.08481687122744584
count_ones_n24_ns128_init4.npy,count_ones,128,24,2.0,0,22,22,5280,15.755149179668166,21.914697148349525,0.008992158692392978,-684.9910215543795,0.7189307282238552,0.1522394764225643
count_ones_n24_ns64_init0.npy,count_ones,64,24,2.0,0,21,21,5280,10.809328797958518,20.919456212671992,0.0069405654821520675,-1456.6720018292542,0.5167117485305737,0.4575376219944626
count_ones_n24_ns64_init1.npy,count_ones,64,24,2.0,0,24,24,5280,10.844342636837101,23.89758097448345,0.007304702135578562,-1786.9638070618576,0.45378411515442113,0.483537279704717
count_ones_n24_ns64_init2.npy,count_ones,64,24,2.0,0,24,24,5280,10.916147705133108,23.89758097448345,0.007304702135578562,-1777.1338281026513,0.45678881543654076,0.47730258668438075
count_ones_n24_ns64_init3.npy,count_ones,64,24,2.0,0,24,24,5280,11.155571966989514,23.89758097448345,0.007304702135578562,-1744.3570964286441,0.466807581022566,0.4588310796469716
count_ones_n24_ns64_init4.npy,count_ones,64,24,2.0,0,23,23,5280,10.982735624604114,22.904989265816475,0.009138584098839546,-1304.606218235306,0.47949097452731865,0.48376071372448237
count_ones_n2_ns128_init0.npy,count_ones,128,2,2.0,0,16,16,5280,12.011781172610727,15.954682841261098,0.0037446564568305233,-1052.9408275779838,0.7528686901595146,0.14496185638863207
count_ones_n2_ns128_init1.npy,count_ones,128,2,2.0,0,16,16,5280,12.78854295147496,15.954682841261098,0.0037446564568305233,-845.5087739786837,0.8015541943837301,0.03556865785628977
count_ones_n2_ns128_init2.npy,count_ones,128,2,2.0,0,16,16,5280,12.78854295147496,15.954682841261098,0.0037446564568305233,-845.5087739786837,0.8015541943837301,0.03556865785628977
count_ones_n2_ns128_init3.npy,count_ones,128,2,2.0,0,16,16,5280,12.78854295147496,15.954682841261098,0.0037446564568305233,-845.5087739786837,0.8015541943837301,0.03556865785628977
count_ones_n2_ns128_init4.npy,count_ones,128,2,2.0,0,16,16,5280,10.25004007001126,15.954682841261098,0.0037446564568305233,-1523.4088459154002,0.6424471217630967,0.20675275002198765
count_ones_n2_ns64_init0.npy,count_ones,64,2,2.0,0,18,18,5280,12.614250287727032,17.94260572443651,0.006589578150493082,-808.6034211933235,0.7030333543219617,0.2533564101930823
count_ones_n2_ns64_init1.npy,count_ones,64,2,2.0,0,18,18,5280,12.103589346239351,17.94260572443651,0.006589578150493082,-886.0986613779276,0.6745725527343641,0.33670761369687335
count_ones_n2_ns64_init2.npy,count_ones,64,2,2.0,0,18,18,5280,12.103589346239351,17.94260572443651,0.006589578150493082,-886.0986613779276,0.6745725527343641,0.33670761369687335
count_ones_n2_ns64_init3.npy,count_ones,64,2,2.0,0,18,18,5280,12.103589346239351,17.94260572443651,0.006589578150493082,-886.0986613779276,0.6745725527343641,0.33670761369687335
count_ones_n2_ns64_init4.npy,count_ones,64,2,2.0,0,18,18,5280,12.663033800266938,17.94260572443651,0.006589578150493082,-801.2002898508027,0.7057522187549836,0.2839880725497273
count_ones_n32_ns128_init0.npy,count_ones,128,32,2.0,0,22,22,5280,15.443226297761672,21.914697148349525,0.008992158692392978,-719.6793419651801,0.7046972263965217,0.1994657748929082
count_ones_n32_ns128_init1.npy,count_ones,128,32,2.0,0,22,22,5280,16.82712794938623,21.914697148349525,0.008992158692392978,-565.778404607915,0.7678467028531828,0.058212255969810306
count_ones_n32_ns128_init2.npy,count_ones,128,32,2.0,0,25,25,5280,13.418352807325597,24.88561808193411,0.010100851373965387,-1135.2771019049949,0.5392011065647088,0.0960053273941595
count_ones_n32_ns128_init3.npy,count_ones,128,32,2.0,0,21,21,5280,16.106530019824127,20.919456212671992,0.0069405654821520675,-693.4487118123863,0.769930626115777,0.14935972047144486
count_ones_n32_ns128_init4.npy,count_ones,128,32,2.0,0,22,22,5280,16.18649663200049,21.914697148349525,0.008992158692392978,-637.0217333013564,0.7386137495958759,0.13688831786531264
count_ones_n32_ns64_init0.npy,count_ones,64,32,2.0,0,23,23,5280,12.015967452438932,22.904989265816475,0.009138584098839546,-1191.5436456682905,0.5246004402355964,0.45270233483678923
count_ones_n32_ns64_init1.npy,count_ones,64,32,2.0,0,26,26,5280,11.017556737411432,25.876184687230182,0.012997908143072164,-1143.1553282470566,0.4257797998654942,0.5051071186718867
count_ones_n32_ns64_init2.npy,count_ones,64,32,2.0,0,27,27,5280,11.600694068453645,26.864947999780945,0.011039505594107836,-1382.6936180433984,0.43181524373500507,0.49295932261290365
count_ones_n32_ns64_init3.npy,count_ones,64,32,2.0,0,28,28,5280,12.057308875468431,27.854911445816196,0.009169903756845671,-1722.7664530889185,0.432861145472406,0.511548553619026
count_ones_n32_ns64_init4.npy,count_ones,64,32,2.0,0,25,25,5280,11.45036134724327,24.88561808193411,0.010100851373965387,-1330.1113180736202,0.4601196285157065,0.48911204828650184
count_ones_n48_ns128_init0.npy,count_ones,128,48,2.0,0,22,22,5280,13.974769488334836,21.914697148349525,0.008992158692392978,-882.9834894630545,0.6376893731970796,0.19515261534173478
count_ones_n48_ns128_init1.npy,count_ones,128,48,2.0,0,29,29,5280,15.05421320520566,28.84703764432682,0.011883737525528154,-1160.6470110511939,0.5218634020871908,0.2725110395216822
count_ones_n48_ns128_init2.npy,count_ones,128,48,2.0,0,27,27,5280,14.793592896154163,26.864947999780945,0.011039505594107836,-1093.4688153126785,0.5506652347242507,0.16189580496939907
count_ones_n48_ns128_init3.npy,count_ones,128,48,2.0,0,24,24,5280,13.422058256079128,23.89758097448345,0.007304702135578562,-1434.0793811950032,0.561649242674833,0.16189331126594472
count_ones_n48_ns128_init4.npy,count_ones,128,48,2.0,0,26,26,5280,17.369785404157188,25.876184687230182,0.012997908143072164,-654.4437142838922,0.6712653203750367,0.15547046103187348
count_ones_n4_ns128_init0.npy,count_ones,128,4,2.0,0,18,18,5280,14.73176443554711,17.94260572443651,0.006589578150493082,-487.2605219272105,0.8210493315072698,0.19147767361826531
count_ones_n4_ns128_init1.npy,count_ones,128,4,2.0,0,16,16,5280,13.46460062510316,15.954682841261098,0.0037446564568305233,-664.9694691260261,0.8439278147404956,0.1619098941011009
count_ones_n4_ns128_init2.npy,count_ones,128,4,2.0,0,17,17,5280,13.071754518480919,16.94682157817706,0.006116939620915967,-633.4976801873156,0.7713395965243309,0.2012290617821644
count_ones_n4_ns128_init3.npy,count_ones,128,4,2.0,0,17,17,5280,11.524836282601171,16.94682157817706,0.006116939620915967,-886.3885589186161,0.6800588670528079,0.2930031852397245
count_ones_n4_ns128_init4.npy,count_ones,128,4,2.0,0,17,17,5280,13.609260951813233,16.94682157817706,0.006116939620915967,-545.6258902657033,0.8030568380644483,0.1949738040142546
count_ones_n4_ns64_init0.npy,count_ones,64,4,2.0,0,18,18,5280,14.39963899169421,17.94260572443651,0.006589578150493082,-537.6621464724853,0.8025388961249347,0.19099972015603334
count_ones_n4_ns64_init1.npy,count_ones,64,4,2.0,0,19,19,5280,12.518884492956525,18.9365873453091,0.006515418516142088,-985.0023964619586,0.6610950676948482,0.2875578769868079
count_ones_n4_ns64_init2.npy,count_ones,64,4,2.0,0,18,18,5280,12.867939658859688,17.94260572443651,0.006589578150493082,-770.1048458158278,0.7171722912762052,0.2909372345388442
count_ones_n4_ns64_init3.npy,count_ones,64,4,2.0,0,17,17,5280,12.230321725162163,16.94682157817706,0.006116939620915967,-771.055486127005,0.7216882333210801,0.31663307896703996
count_ones_n4_ns64_init4.npy,count_ones,64,4,2.0,0,17,17,5280,12.768442147121219,16.94682157817706,0.006116939620915967,-683.0833210725989,0.7534417051728172,0.25937041465557154
count_ones_n64_ns128_init0.npy,count_ones,128,64,2.0,0,22,22,5280,12.285330776671026,21.914697148349525,0.008992158692392978,-1070.8625927414487,0.5605977893970704,0.13183867404730326
count_ones_n64_ns128_init1.npy,count_ones,128,64,2.0,0,26,26,5280,13.352395866592097,25.876184687230182,0.012997908143072164,-963.5234133665745,0.5160109972928685,0.15338543171085514
count_ones_n64_ns128_init2.npy,count_ones,128,64,2.0,0,28,28,5280,10.163682730462492,27.854911445816196,0.009169903756845671,-1929.2709263329562,0.3648793768464511,0.1301142371294086
count_ones_n64_ns128_init3.npy,count_ones,128,64,2.0,0,29,29,5280,15.864474986518927,28.84703764432682,0.011883737525528154,-1092.4646080342393,0.549951616596545,0.29674505135778617
count_ones_n64_ns128_init4.npy,count_ones,128,64,2.0,0,26,26,5280,15.909841154043031,25.876184687230182,0.012997908143072164,-766.7651920204695,0.6148449373950592,0.15248195147383078
count_ones_n8_ns128_init0.npy,count_ones,128,8,2.0,0,20,20,5280,15.550149030406804,19.928054526044242,0.008362574759024093,-523.5116721573365,0.7803144561895946,0.20779331105449406
count_ones_n8_ns128_init1.npy,count_ones,128,8,2.0,0,18,18,5280,14.714474783885423,17.94260572443651,0.006589578150493082,-489.88430925726783,0.8200857227690953,0.11036647884765137
count_ones_n8_ns128_init2.npy,count_ones,128,8,2.0,0,19,19,5280,15.697984058153057,18.9365873453091,0.006515418516142088,-497.067575802281,0.8289764027646567,0.1329069152586023
count_ones_n8_ns128_init3.npy,count_ones,128,8,2.0,0,17,17,5280,13.347528825000493,16.94682157817706,0.006116939620915967,-588.4139743458185,0.7876125185733066,0.14753225417549728
count_ones_n8_ns128_init4.npy,count_ones,128,8,2.0,0,18,18,5280,12.87354226909223,17.94260572443651,0.006589578150493082,-769.2546229177016,0.7174845430371025,0.20919461617333168
count_ones_n8_ns64_init0.npy,count_ones,64,8,2.0,0,18,18,5280,13.49389597244938,17.94260572443651,0.006589578150493082,-675.1129814970394,0.7520588803928119,0.19713105780413914
count_ones_n8_ns64_init1.npy,count_ones,64,8,2.0,0,20,20,5280,12.27058416183481,19.928054526044242,0.008362574759024093,-915.6833373532739,0.6157442085376783,0.38606921703134534
count_ones_n8_ns64_init2.npy,count_ones,64,8,2.0,0,21,21,5280,12.15660141469358,20.919456212671992,0.0069405654821520675,-1262.5563177110616,0.581114599304436,0.40710557774336087
count_ones_n8_ns64_init3.npy,count_ones,64,8,2.0,0,20,20,5280,12.039975802755013,19.928054526044242,0.008362574759024093,-943.2595762180981,0.6041721627678109,0.4042125842499745
count_ones_n8_ns64_init4.npy,count_ones,64,8,2.0,0,19,19,5280,12.349841087993358,18.9365873453091,0.006515418516142088,-1010.9475302310877,0.6521682530644897,0.3349487497032588
projection_n16_ns128_init0.npy,projection,128,16,2.0,0,21,21,5280,15.768720826913457,20.919456212671992,0.0069405654821520675,-742.1204221765288,0.7537825394027944,0.058402720526345195
projection_n16_ns128_init1.npy,projection,128,16,2.0,0,27,27,5280,8.0970045147767,26.864947999780945,0.011039505594107836,-1700.0710154104495,0.30139661967120585,-0.2969563545783222
projection_n16_ns128_init2.npy,projection,128,16,2.0,0,22,22,5280,13.956871643167753,21.914697148349525,0.008992158692392978,-884.9738730605129,0.6368726680860792,-0.009886860582284747
projection_n16_ns128_init3.npy,projection,128,16,2.0,0,23,23,5280,11.19067418956178,22.904989265816475,0.009138584098839546,-1281.8523033280644,0.4885692832985868,-0.11971605990353282
projection_n16_ns128_init4.npy,projection,128,16,2.0,0,23,23,5280,9.715792281830662,22.904989265816475,0.009138584098839546,-1443.2429401903332,0.4241779888685895,-0.121742853023724
projection_n16_ns64_init0.npy,projection,64,16,2.0,0,26,26,5280,10.782418150533378,25.876184687230182,0.012997908143072164,-1161.2458228320165,0.4166927342984404,0.34352007610780766
projection_n16_ns64_init1.npy,projection,64,16,2.0,0,21,21,5280,12.377660205614475,20.919456212671992,0.0069405654821520675,-1230.7060612025166,0.5916817377937715,0.2844131466337935
projection_n16_ns64_init2.npy,projection,64,16,2.0,0,19,19,5280,12.799794219398603,18.9365873453091,0.006515418516142088,-941.8877867486888,0.6759292995086214,0.24516016303303065
projection_n16_ns64_init3.npy,projection,64,16,2.0,0,22,22,5280,11.283703718219913,21.914697148349525,0.008992158692392978,-1182.2515364550923,0.5148920672659046,0.28288199374852085
projection_n16_ns64_init4.npy,projection,64,16,2.0,0,19,19,5280,13.00167512421768,18.9365873453091,0.006515418516142088,-910.9026851287524,0.6865901911010596,0.2548687443419182
projection_n24_ns128_init0.npy,projection,128,24,2.0,0,30,30,5280,7.115928562027267,29.83418867242773,0.012216552616099881,-1859.629375349364,0.23851590670550704,-0.2239583502133054
projection_n24_ns128_init1.npy,projection,128,24,2.0,0,23,23,5280,17.18882960822143,22.904989265816475,0.009138584098839546,-625.4972975869322,0.7504404131668434,0.16935056607553525
projection_n24_ns128_init2.npy,projection,128,24,2.0,0,39,39,5280,4.268810466288824,38.71464105390062,0.01619456749627677,-2126.9991060601715,0.1102634649342494,-0.49789949114747484
projection_n24_ns128_init3.npy,projection,128,24,2.0,0,27,27,5280,14.657189669199933,26.864947999780945,0.011039505594107836,-1105.824733409865,0.5455878667369632,-0.07846751721859214
projection_n24_ns128_init4.npy,projection,128,24,2.0,0,22,22,5280,14.698331536543055,21.914697148349525,0.008992158692392978,-802.5175999074881,0.670706578194718,0.00037281083209742455
projection_n24_ns64_init0.npy,projection,64,24,2.0,0,23,23,5280,13.293850943585223,22.904989265816475,0.009138584098839546,-1051.7097854854467,0.5803910575686249,0.3005661454512428
projection_n24_ns64_init1.npy,projection,64,24,2.0,0,20,20,5280,12.486051583491728,19.928054526044242,0.008362574759024093,-889.917657779001,0.6265564742997636,0.26560394435756346
projection_n24_ns64_init2.npy,projection,64,24,2.0,0,20,20,5280,12.222669766403833,19.928054526044242,0.008362574759024093,-921.4129597257703,0.6133398395929649,0.2551639991222545
projection_n24_ns64_init3.npy,projection,64,24,2.0,0,21,21,5280,11.38167829402267,20.919456212671992,0.0069405654821520675,-1374.2076122148962,0.5440714222355455,0.27935421609677
projection_n24_ns64_init4.npy,projection,64,24,2.0,0,21,21,5280,13.76311773123096,20.919456212671992,0.0069405654821520675,-1031.0886771177125,0.657909918465946,0.20595982610650446
projection_n2_ns128_init0.npy,projection,128,2,2.0,0,19,19,5280,13.455415102215182,18.9365873453091,0.006515418516142088,-841.2617285465541,0.7105512126792111,0.12622662786016497
projection_n2_ns128_init1.npy,projection,128,2,2.0,0,19,19,5280,14.800461971395743,18.9365873453091,0.006515418516142088,-634.821134462202,0.7815802130293587,0.055892140706254624
projection_n2_ns128_init2.npy,projection,128,2,2.0,0,17,17,5280,13.889765396882414,16.94682157817706,0.006116939620915967,-499.7688992779164,0.8196088766738825,0.05400999492562792
projection_n2_ns128_init3.npy,projection,128,2,2.0,0,19,19,5280,14.800461971395743,18.9365873453091,0.006515418516142088,-634.821134462202,0.7815802130293587,0.055892140706254624
projection_n2_ns128_init4.npy,projection,128,2,2.0,0,19,19,5280,13.861821157761046,18.9365873453091,0.006515418516142088,-778.8856809390238,0.7320126327405473,0.10507830973657642
projection_n2_ns64_init0.npy,projection,64,2,2.0,0,20,20,5280,13.408029724414215,19.928054526044242,0.008362574759024093,-779.6671467234704,0.6728218104226421,0.3111070642666962
projection_n2_ns64_init1.npy,projection,64,2,2.0,0,21,21,5280,13.329457660054109,20.919456212671992,0.0069405654821520675,-1093.5706279460742,0.637179930708704,0.32772558069359586
projection_n2_ns64_init2.npy,projection,64,2,2.0,0,19,19,5280,12.409196085624545,18.9365873453091,0.006515418516142088,-1001.8376016080631,0.6553026614216476,0.30472525265478945
projection_n2_ns64_init3.npy,projection,64,2,2.0,0,22,22,5280,12.954468979736093,21.914697148349525,0.008992158692392978,-996.4490702542251,0.5911315539540432,0.31199904771178605
projection_n2_ns64_init4.npy,projection,64,2,2.0,0,20,20,5280,13.252923217299047,19.928054526044242,0.008362574759024093,-798.2148442430401,0.6650384863198072,0.3223127812429793
projection_n32_ns128_init0.npy,projection,128,32,2.0,0,24,24,5280,15.217510362665285,23.89758097448345,0.007304702135578562,-1188.2853606775668,0.636780366134703,0.03552188828680134
projection_n32_ns128_init1.npy,projection,128,32,2.0,0,23,23,5280,15.501737467898554,22.904989265816475,0.009138584098839546,-810.1092814649498,0.6767843148930626,0.00025568970682766294
projection_n32_ns128_init2.npy,projection,128,32,2.0,0,14,14,5280,10.52168868073084,13.9652975873415,0.005036228753579837,-683.7673733868589,0.7534167184713605,0.011559747720057304
projection_n32_ns128_init3.npy,projection,128,32,2.0,0,22,22,5280,17.962242039742613,21.914697148349525,0.008992158692392978,-439.5446348106087,0.8196436354173123,0.10788937343118081
projection_n32_ns128_init4.npy,projection,128,32,2.0,0,25,25,5280,13.616697189742625,24.88561808193411,0.010100851373965387,-1115.6406994797246,0.5471713479211417,0.11899961494469297
projection_n32_ns64_init0.npy,projection,64,32,2.0,0,25,25,5280,12.456076668130851,24.88561808193411,0.010100851373965387,-1230.5439367061663,0.5005331443695759,0.2721265614998793
projection_n32_ns64_init1.npy,projection,64,32,2.0,0,21,21,5280,13.955102206297498,20.919456212671992,0.0069405654821520675,-1003.4274619674145,0.6670872351760355,0.1998100927480212
projection_n32_ns64_init2.npy,projection,64,32,2.0,0,19,19,5280,13.384617215334865,18.9365873453091,0.006515418516142088,-852.1279356374592,0.7068125302234276,0.193997676192581
projection_n32_ns64_init3.npy,projection,64,32,2.0,0,22,22,5280,11.80569196576107,21.914697148349525,0.008992158692392978,-1124.2022664858312,0.5387111620043629,0.27296967160091384
projection_n32_ns64_init4.npy,projection,64,32,2.0,0,21,21,5280,12.72755451069557,20.919456212671992,0.0069405654821520675,-1180.2931220866965,0.6084075217493385,0.23672814555117
projection_n48_ns128_init0.npy,projection,128,48,2.0,0,21,21,5280,16.640302505113766,20.919456212671992,0.0069405654821520675,-616.5425163932587,0.795446226514907,0.12189510204726806
projection_n48_ns128_init1.npy,projection,128,48,2.0,0,20,20,5280,15.638100305451754,19.928054526044242,0.008362574759024093,-512.9944238720472,0.784727896293846,0.22251791636359253
projection_n48_ns128_init2.npy,projection,128,48,2.0,0,20,20,5280,13.323531327155797,19.928054526044242,0.008362574759024093,-789.7714985162285,0.6685816374971824,0.2033442056590526
projection_n48_ns128_init3.npy,projection,128,48,2.0,0,21,21,5280,16.86813267383114,20.919456212671992,0.0069405654821520675,-583.7166365275259,0.8063370530450616,0.062324229437054415
projection_n48_ns128_init4.npy,projection,128,48,2.0,0,24,24,5280,13.734908035151703,23.89758097448345,0.007304702135578562,-1391.2508341487387,0.5747405166161837,0.1870376138309448
projection_n4_ns128_init0.npy,projection,128,4,2.0,0,19,19,5280,14.990565903488765,18.9365873453091,0.006515418516142088,-605.6435871377998,0.7916191883012211,0.10199045862316468
projection_n4_ns128_init1.npy,projection,128,4,2.0,0,20,20,5280,14.883305627011822,19.928054526044242,0.008362574759024093,-603.2530703045265,0.7468519120900954,-0.002914679709481354
projection_n4_ns128_init2.npy,projection,128,4,2.0,0,20,20,5280,14.217976059891571,19.928054526044242,0.008362574759024093,-682.8134433107339,0.7134653330715202,0.0928935671833323
projection_n4_ns128_init3.npy,projection,128,4,2.0,0,19,19,5280,14.264052544566338,18.9365873453091,0.006515418516142088,-717.1503701821238,0.7532535976235325,0.10219072742889289
projection_n4_ns128_init4.npy,projection,128,4,2.0,0,19,19,5280,15.101591249469282,18.9365873453091,0.006515418516142088,-588.6031858641979,0.797482195397271,-0.002270954100094711
projection_n4_ns64_init0.npy,projection,64,4,2.0,0,22,22,5280,13.825503557448572,21.914697148349525,0.008992158692392978,-899.5830553729107,0.6308781482973778,0.27651994194084756
projection_n4_ns64_init1.npy,projection,64,4,2.0,0,20,20,5280,14.044035252468518,19.928054526044242,0.008362574759024093,-703.6133539166573,0.7047368941164919,0.26000446830477286
projection_n4_ns64_init2.npy,projection,64,4,2.0,0,21,21,5280,11.796229526006018,20.919456212671992,0.0069405654821520675,-1314.4788720928727,0.5638879618132919,0.3234988902088341
projection_n4_ns64_init3.npy,projection,64,4,2.0,0,21,21,5280,13.176775314375856,20.919456212671992,0.0069405654821520675,-1115.5691734638538,0.6298813497070734,0.2756813347724091
projection_n4_ns64_init4.npy,projection,64,4,2.0,0,19,19,5280,14.369950171532988,18.9365873453091,0.006515418516142088,-700.8969818995006,0.7588458210287112,0.24361491955232786
projection_n64_ns128_init0.npy,projection,128,64,2.0,0,24,24,5280,15.495365221390509,23.89758097448345,0.007304702135578562,-1150.2475524866081,0.6484072692518806,0.24480204124426455
projection_n64_ns128_init1.npy,projection,128,64,2.0,0,22,22,5280,17.01432812030735,21.914697148349525,0.008992158692392978,-544.9602476641898,0.7763889231564746,0.2080386534274236
projection_n64_ns128_init2.npy,projection,128,64,2.0,0,21,21,5280,14.951226876333395,20.919456212671992,0.0069405654821520675,-859.9053422500125,0.7147043749290513,0.2734532397947166
projection_n64_ns128_init3.npy,projection,128,64,2.0,0,24,24,5280,16.158459987137906,23.89758097448345,0.007304702135578562,-1059.4711247226749,0.6761546285538708,0.17059520936019237
projection_n64_ns128_init4.npy,projection,128,64,2.0,0,24,24,5280,15.199632147399122,23.89758097448345,0.007304702135578562,-1190.732854762108,0.63603224793457,0.1531433969642896
projection_n8_ns128_init0.npy,projection,128,8,2.0,0,19,19,5280,12.961041987034934,18.9365873453091,0.006515418516142088,-917.1391436282452,0.6844444434834027,-0.09545869261487377
projection_n8_ns128_init1.npy,projection,128,8,2.0,0,29,29,5280,8.358923418556586,28.84703764432682,0.011883737525528154,-1724.046343312322,0.28976713386029385,-0.32832637816554433
projection_n8_ns128_init2.npy,projection,128,8,2.0,0,22,22,5280,16.232421534511193,21.914697148349525,0.008992158692392978,-631.9145166605344,0.7407093707308529,-0.01441342989753566
projection_n8_ns128_init3.npy,projection,128,8,2.0,0,25,25,5280,11.399854740338846,24.88561808193411,0.010100851373965387,-1335.1115507307013,0.45809007848652356,-0.10693111797972936
projection_n8_ns128_init4.npy,projection,128,8,2.0,0,23,23,5280,9.422166642910224,22.904989265816475,0.009138584098839546,-1475.3732610086013,0.41135870152848814,-0.21226741926233839
projection_n8_ns64_init0.npy,projection,64,8,2.0,0,22,22,5280,11.013907913003234,21.914697148349525,0.008992158692392978,-1212.2549888457754,0.5025808861717594,0.2700522644190338
projection_n8_ns64_init1.npy,projection,64,8,2.0,0,22,22,5280,13.943914713763352,21.914697148349525,0.008992158692392978,-886.4147872889688,0.6362814242593136,0.2381715115614271
projection_n8_ns64_init2.npy,projection,64,8,2.0,0,21,21,5280,14.429960046226595,20.919456212671992,0.0069405654821520675,-935.0097168787453,0.6897865747335069,0.19998185992725173
projection_n8_ns64_init3.npy,projection,64,8,2.0,0,24,24,5280,11.367404970651892,23.89758097448345,0.007304702135578562,-1715.3575561694163,0.4756717838006029,0.3049657241652443
projection_n8_ns64_init4.npy,projection,64,8,2.0,0,22,22,5280,11.714989125832128,21.914697148349525,0.008992158692392978,-1134.2891480714147,0.5345722574457036,0.2400853312563857
