family,test,stat,p,q_project_wide,sig_project_wide,q_per_experiment,sig_per_experiment,sig_raw
three_scale,winding~irrelevant_len [multivariate],-0.48791666666666655,6.943312371057898e-11,1.8883313601443224e-09,True,4.515574991649466e-10,True,True
three_scale,winding~irrelevant_len [per-row],-0.4600193439906431,8.210136348453575e-11,1.8883313601443224e-09,True,4.515574991649466e-10,True,True
dissociation_15seed,local steps_settle~n_ops [per-row],-0.5762660066867937,2.795245408652385e-09,4.2860429599336574e-08,True,2.236196326921908e-08,True,True
dissociation_15seed,track steps_settle~n_ops [per-row],0.557623724714496,1.1355340232627333e-08,1.3058641267521431e-07,True,4.542136093050933e-08,True,True
switch,steps_settle~n_ops [per-row],0.6149283075051097,1.7197933442773756e-07,1.5822098767351857e-06,True,6.879173377109502e-07,True,True
maxtask,winding~n_ops [per-row],0.63576441375884,1.2017131560563664e-06,9.213134196432143e-06,True,4.8068526242254655e-06,True,True
counting,steps_settle~n_ops [per-row],0.7184470814132444,7.782790478595201e-06,5.114405171648275e-05,True,3.1131161914380806e-05,True,True
three_scale,winding~seq_len [per-row],-0.304287318189253,3.282722339017144e-05,0.0001887565344934858,True,0.00012036648576396195,True,True
dissociation_5seed,local steps_settle~n_ops [per-row],-0.6719230500246407,4.782762734830639e-05,0.00024445231755801047,True,0.0003826210187864511,True,True
dissociation_5seed,track steps_settle~n_ops [per-row],0.6122954136768052,0.00032296916622983875,0.0014856581646572583,True,0.001291876664919355,True,True
three_scale,winding~seq_len [per-level],-0.6335042735042735,0.0005123676139676468,0.002142628203864705,True,0.0014090109384110286,True,True
counting,winding~n_ops [per-row],0.5536019608871029,0.001505923225776265,0.005772705698809016,True,0.00301184645155253,True,True
dissociation_15seed,track winding~n_ops [per-row],0.32368542300296244,0.0018578677937830207,0.006573993731847611,True,0.004954314116754722,True,True
dissoc_multiinit,"track steps_settle~n_ops [per-level, pooled]",0.8424242424242423,0.0022200312259168433,0.007294388313726771,True,0.004440062451833687,True,True
maxtask,steps_settle~n_ops [per-row],-0.40988634507526145,0.00381302846458442,0.011693287291392221,True,0.006406219630709407,True,True
counting,winding~n_ops [per-level],0.942857142857143,0.004804664723032055,0.012278587625526364,True,0.006406219630709407,True,True
maxtask,winding~n_ops [per-level],0.942857142857143,0.004804664723032055,0.012278587625526364,True,0.006406219630709407,True,True
dissociation_5seed,local winding~n_ops [per-level],-0.942857142857143,0.004804664723032055,0.012278587625526364,True,0.012812439261418814,True,True
counting,steps_settle~n_ops [per-level],0.9276336570439175,0.00766584418747316,0.018559412243356072,True,0.00766584418747316,True,True
forceloop,"unsettled n_ops=8 vs 24 [Fisher, ns=16]",,0.0101010101010101,0.02323232323232323,True,0.0101010101010101,True,True
dissociation_5seed,local steps_settle~n_ops [per-level],-0.8116794499134279,0.04985758510134036,0.10424767793916621,False,0.06764803836334227,False,True
dissociation_5seed,track steps_settle~n_ops [per-level],0.8116794499134279,0.04985758510134036,0.10424767793916621,False,0.06764803836334227,False,True
dissociation_5seed,track winding~n_ops [per-row],0.352907156329253,0.0557634390458025,0.10702066260751404,False,0.06764803836334227,False,False
three_scale,winding~active_len [multivariate],0.13009259259259315,0.05583686744739863,0.10702066260751404,False,0.122841108384277,False,False
dissociation_5seed,local winding~n_ops [per-row],-0.34839716072121146,0.05919203356792448,0.10891334176498106,False,0.06764803836334227,False,False
switch,steps_settle~n_ops [per-level],0.7826908981308054,0.06570384807158905,0.11483582989846185,False,0.1314076961431781,False,False
dissociation_5seed,track winding~n_ops [per-level],0.7714285714285715,0.07239650145772594,0.11483582989846185,False,0.07239650145772594,False,False
maxtask,steps_settle~n_ops [per-level],-0.7714285714285715,0.07239650145772594,0.11483582989846185,False,0.07239650145772594,False,False
dissociation_15seed,local steps_settle~n_ops [per-level],-0.7714285714285715,0.07239650145772594,0.11483582989846185,False,0.14479300291545188,False,False
three_scale,winding~active_len [per-row],0.12746615555253052,0.08815964687930061,0.1351781252149276,False,0.16162601927871778,False,False
dissociation_15seed,track steps_settle~n_ops [per-level],0.7142857142857143,0.11078717201166179,0.16439386814633683,False,0.17725947521865887,False,False
pararule,"winding~depth [per-row, partial|seq_len]",-0.23404656303590834,0.14606311168168698,0.20996572304242503,False,0.4000000000000002,False,False
dissociation_15seed,track winding~n_ops [per-level],0.6571428571428573,0.1561749271137024,0.21769838324940335,False,0.2082332361516032,False,False
three_scale,winding~neutral_len [per-level],-0.7999999999999999,0.2000000000000001,0.262857142857143,False,0.31428571428571445,False,False
pararule,steps_settle~depth [per-level],0.7999999999999999,0.2000000000000001,0.262857142857143,False,0.4000000000000002,False,False
switch,winding~n_ops [per-row],0.1622921590510565,0.21538338272532398,0.2752121001490251,False,0.2871778436337653,False,False
dissociation_15seed,local winding~n_ops [per-level],-0.5428571428571429,0.26570262390670546,0.3303329918840122,False,0.30366014160766336,False,False
three_scale,winding~active_len [per-level],-0.39999999999999997,0.5046315754686912,0.6108698018831525,False,0.6938684162694504,False,False
dissoc_multiinit,"local steps_settle~n_ops [per-level, pooled]",-0.20668788485122197,0.5666951380068741,0.6684096499568258,False,0.5666951380068741,False,False
dissociation_15seed,local winding~n_ops [per-row],0.054469082975595065,0.6101252611397193,0.7016440503106772,False,0.6101252611397193,False,False
three_scale,winding~irrelevant_len [per-level],-0.5,0.6666666666666666,0.7479674796747967,False,0.7704397257629038,False,False
three_scale,winding~neutral_len [multivariate],-0.022617283950616466,0.741239570474277,0.811833815281351,False,0.7704397257629038,False,False
three_scale,winding~neutral_len [per-row],-0.021899428976054833,0.7704397257629039,0.82419133453706,False,0.7704397257629038,False,False
pararule,winding~depth [per-level],0.19999999999999998,0.8,0.8363636363636364,False,0.82161421021554,False,False
pararule,winding~depth [per-row],-0.03680484510073783,0.82161421021554,0.8398723037758854,False,0.82161421021554,False,False
switch,winding~n_ops [per-level],-0.08571428571428573,0.8717434402332361,0.871743440233236,False,0.8717434402332361,False,False
