file,task,n_ops,num_steps,task_seed,arm,observed,null_mean,null_std,obs_minus_null,z,p_value,pr_real,pr_null
count_ones_n16_ns128_init0.npy,count_ones,16,128,0,real,0.6393301236769848,0.6456933125663197,0.0017148451087810545,-0.006363188889334848,-3.7106493506331466,1.0,39.704961928641595,46.353229774435704
count_ones_n16_ns128_init0.npy,count_ones,16,128,0,calibration,0.6424721042601013,0.6453660642165298,0.0017308923264074466,-0.0028939599564284935,-1.6719468405264999,0.96,46.49872993605848,46.18694633844225
count_ones_n16_ns128_init1.npy,count_ones,16,128,1,real,0.6478975789917147,0.6459318187359944,0.0017903898145226003,0.0019657602557203724,1.0979509823923645,0.12,52.217907881194975,60.01755067795898
count_ones_n16_ns128_init1.npy,count_ones,16,128,1,calibration,0.6455321257624548,0.6460874402229857,0.001956296436405807,-0.0005553144605309202,-0.2838600787675962,0.63,59.82726634542007,59.52196475316518
count_ones_n16_ns128_init2.npy,count_ones,16,128,2,real,0.38229946078858185,0.6157240946987486,0.0014975958223374971,-0.2334246339101667,-155.86624269946867,1.0,64.33330723800837,70.6786076801905
count_ones_n16_ns128_init2.npy,count_ones,16,128,2,calibration,0.6138140261033643,0.6157531235305749,0.0017293371362768631,-0.0019390974272105455,-1.12129519833552,0.86,70.15908069370563,69.64016232842938
count_ones_n16_ns128_init3.npy,count_ones,16,128,3,real,0.6412803256299684,0.6383890638995425,0.001937902491057195,0.0028912617304258648,1.4919541843658906,0.07,50.299662137613915,52.862997204860356
count_ones_n16_ns128_init3.npy,count_ones,16,128,3,calibration,0.6379316738861401,0.6382153496804536,0.0015505295499497007,-0.0002836757943134316,-0.1829541361031359,0.52,53.04045686542969,52.668123795134626
count_ones_n16_ns128_init4.npy,count_ones,16,128,4,real,0.6287641586207156,0.642975271038576,0.0019210492051157666,-0.014211112417860439,-7.39757856280628,1.0,52.52540494844071,62.33843642922082
count_ones_n16_ns128_init4.npy,count_ones,16,128,4,calibration,0.6442717971108324,0.6431571212781777,0.001940301961413702,0.0011146758326546768,0.574485752641576,0.25,62.437516354234404,61.73162125173356
count_ones_n16_ns64_init0.npy,count_ones,16,64,0,real,0.6219394341780049,0.6015166835237478,0.0011078998791140473,0.020422750654257138,18.433751135155436,0.0,20.93818089287498,21.972751902355668
count_ones_n16_ns64_init0.npy,count_ones,16,64,0,calibration,0.6008114257873334,0.6013181097586164,0.0011706934959240531,-0.0005066839712830618,-0.4328066851376204,0.7,22.183394176892936,22.01871700447849
count_ones_n16_ns64_init1.npy,count_ones,16,64,1,real,0.6253391850714615,0.608156541491352,0.001321774574027749,0.017182643580109458,12.999677795094833,0.0,16.55327171294923,18.905398284818478
count_ones_n16_ns64_init1.npy,count_ones,16,64,1,calibration,0.6074986339916881,0.6081139682899894,0.001146338881682071,-0.0006153342983012955,-0.5367821925383789,0.69,18.69955693824924,18.955490971367805
count_ones_n16_ns64_init2.npy,count_ones,16,64,2,real,0.6284070171337932,0.6123218084812955,0.0012183303374411708,0.01608520865249774,13.202666106370714,0.0,15.635658600275177,17.834646948430553
count_ones_n16_ns64_init2.npy,count_ones,16,64,2,calibration,0.6116976151251159,0.61203081888771,0.0013456990861977884,-0.0003332037625941586,-0.24760644189453285,0.63,17.989177411619274,17.885837590766073
count_ones_n16_ns64_init3.npy,count_ones,16,64,3,real,0.6267606091375072,0.6116120213146656,0.001263983978198689,0.015148587822841564,11.98479417787392,0.0,13.688497984777484,17.643398381288954
count_ones_n16_ns64_init3.npy,count_ones,16,64,3,calibration,0.6110532634181798,0.6116835800536081,0.0012438464730337455,-0.0006303166354283407,-0.5067479380240525,0.7,17.74548519170767,17.689226181864335
count_ones_n16_ns64_init4.npy,count_ones,16,64,4,real,0.6197287968919957,0.6058896026019812,0.0011084519668645295,0.013839194290014456,12.485154705585746,0.0,18.50838530309771,19.806700590110093
count_ones_n16_ns64_init4.npy,count_ones,16,64,4,calibration,0.6069232394563857,0.6060031784949235,0.0013807223482017056,0.0009200609614622435,0.6663620406090759,0.31,19.605349183101918,19.837299477006606
count_ones_n24_ns128_init0.npy,count_ones,24,128,0,real,0.6334763943401027,0.6420109259930661,0.0018337289536458413,-0.008534531652963362,-4.654194741264736,1.0,44.45453157465901,44.52453949574868
count_ones_n24_ns128_init0.npy,count_ones,24,128,0,calibration,0.6399015558760214,0.641886481662933,0.0016776908919450247,-0.001984925786911673,-1.183129619670556,0.89,45.11516144813449,44.376346822119494
count_ones_n24_ns128_init1.npy,count_ones,24,128,1,real,0.6137066601083224,0.6465795597148748,0.0018812968730220914,-0.032872899606552375,-17.47353119964834,1.0,39.30432478414614,50.53843227810566
count_ones_n24_ns128_init1.npy,count_ones,24,128,1,calibration,0.6500219439319544,0.6465429004607176,0.001816669494704478,0.0034790434712368423,1.9150668194617242,0.03,50.534023494132825,50.05141889002516
count_ones_n24_ns128_init2.npy,count_ones,24,128,2,real,0.6214266189717056,0.6191738520929337,0.001699241125407622,0.0022527668787718502,1.3257487975589373,0.11,54.231705190127606,71.94375158052232
count_ones_n24_ns128_init2.npy,count_ones,24,128,2,calibration,0.620534720658775,0.6192277533107865,0.0016687325238149086,0.001306967347988519,0.7832096092911559,0.2,72.31148313439577,71.0342578825652
count_ones_n24_ns128_init3.npy,count_ones,24,128,3,real,0.6276300649297247,0.6389426509825377,0.0017131422611434803,-0.011312586052812934,-6.603413101993095,1.0,47.72951967680716,61.460907877271374
count_ones_n24_ns128_init3.npy,count_ones,24,128,3,calibration,0.6415644984993312,0.6390803773092926,0.001668778272717825,0.0024841211900386018,1.4885867287766659,0.05,61.42647651337006,61.02961201942606
count_ones_n24_ns128_init4.npy,count_ones,24,128,4,real,0.6138261603339009,0.6313462754213783,0.0017453456214019684,-0.017520115087477417,-10.038192362956849,1.0,50.15697030167303,57.39739199290076
count_ones_n24_ns128_init4.npy,count_ones,24,128,4,calibration,0.632353556681192,0.631134218213947,0.0017291123319885724,0.0012193384672449792,0.7051817540637595,0.23,57.536717399789126,56.8744366836479
count_ones_n24_ns64_init0.npy,count_ones,24,64,0,real,0.6184173679942679,0.6009578484758118,0.0010939832471015753,0.017459519518456146,15.959585820636471,0.0,14.153673208330119,18.04368943766558
count_ones_n24_ns64_init0.npy,count_ones,24,64,0,calibration,0.6015766147047826,0.6012968261827782,0.0011515771786855002,0.0002797885220043872,0.2429611555204312,0.41,18.10090062439081,18.115119726307118
count_ones_n24_ns64_init1.npy,count_ones,24,64,1,real,0.6309471450377859,0.6143977563580675,0.0012563010239514643,0.016549388679718446,13.173107690118234,0.0,11.13703282383533,14.859178538502492
count_ones_n24_ns64_init1.npy,count_ones,24,64,1,calibration,0.6146595664986299,0.6144840222503016,0.0012655846961972888,0.0001755442483282188,0.13870604539994663,0.45,14.806524529881514,14.91636206219025
count_ones_n24_ns64_init2.npy,count_ones,24,64,2,real,0.6304537999526447,0.6145211088579796,0.0011562880459849913,0.015932691094665108,13.779171331908689,0.0,14.696052098357256,15.756161108709202
count_ones_n24_ns64_init2.npy,count_ones,24,64,2,calibration,0.6126145749891353,0.6147260704311178,0.0014892865475960781,-0.002111495441982525,-1.4177899111428764,0.92,15.699176093262656,15.84199423761285
count_ones_n24_ns64_init3.npy,count_ones,24,64,3,real,0.6258003697070628,0.6123272476527502,0.0012700609763726378,0.013473122054312614,10.608248190407812,0.0,16.618578406361713,16.644268261779636
count_ones_n24_ns64_init3.npy,count_ones,24,64,3,calibration,0.6113185407094425,0.6123651907135046,0.001314648283613353,-0.0010466500040621218,-0.7961445027603663,0.74,16.621623315032313,16.655053320831676
count_ones_n24_ns64_init4.npy,count_ones,24,64,4,real,0.6237372567342981,0.6077259704542414,0.0013109276971227527,0.01601128628005677,12.213706610363504,0.0,15.600007937180466,17.042216799740903
count_ones_n24_ns64_init4.npy,count_ones,24,64,4,calibration,0.6072764888034197,0.607641148708557,0.001205607351721856,-0.00036465990513734337,-0.30246987513516216,0.64,17.17287044963254,17.09943123306855
count_ones_n2_ns128_init0.npy,count_ones,2,128,0,real,0.6282711012149838,0.6225746454304183,0.0017434393133346797,0.005696455784565457,3.267366831180281,0.0,40.54545302222568,65.52661711548244
count_ones_n2_ns128_init0.npy,count_ones,2,128,0,calibration,0.6221942320897043,0.6218827971714667,0.0019121902154308839,0.0003114349182375964,0.16286816851398808,0.48,65.35174147131342,64.8964472464909
count_ones_n2_ns128_init1.npy,count_ones,2,128,1,real,0.618676143633959,0.6141586244953834,0.001968366376139368,0.004517519138575565,2.295060103310618,0.01,53.58159695074605,77.45650287167483
count_ones_n2_ns128_init1.npy,count_ones,2,128,1,calibration,0.6156890410902637,0.614485091646059,0.0021516691723143726,0.001203949444204655,0.5595420800260229,0.25,77.56688385977438,76.40612957502242
count_ones_n2_ns128_init2.npy,count_ones,2,128,2,real,0.618676143633959,0.6142759521227048,0.0018760556600141462,0.004400191511254148,2.3454482748240895,0.01,53.58159695074605,77.49552606323377
count_ones_n2_ns128_init2.npy,count_ones,2,128,2,calibration,0.6130313865810155,0.6143646869954938,0.0015807122842587153,-0.0013333004144783223,-0.8434807698755765,0.81,77.81296153176308,76.34582317452053
count_ones_n2_ns128_init3.npy,count_ones,2,128,3,real,0.618676143633959,0.6143795721694868,0.0020712457781246587,0.004296571464472154,2.0743899685156357,0.01,53.58159695074605,77.4363596533571
count_ones_n2_ns128_init3.npy,count_ones,2,128,3,calibration,0.6180234136729899,0.6140409072395092,0.0018563905001751895,0.003982506433480637,2.145295633168131,0.01,77.47789329790439,76.36625158367399
count_ones_n2_ns128_init4.npy,count_ones,2,128,4,real,0.6200552872803582,0.6116513098638058,0.0022529514280791125,0.00840397741655241,3.7302079893119227,0.0,60.593727643434626,78.12164578536442
count_ones_n2_ns128_init4.npy,count_ones,2,128,4,calibration,0.614979883173785,0.6110115918341009,0.0022162456377969714,0.003968291339684127,1.7905467119740177,0.02,78.44454090910803,76.76669777884666
count_ones_n2_ns64_init0.npy,count_ones,2,64,0,real,0.6163838760673376,0.604210494592037,0.001247207027347287,0.01217338147530056,9.760513858867844,0.0,20.34376756357721,22.273388567654887
count_ones_n2_ns64_init0.npy,count_ones,2,64,0,calibration,0.6036895814046137,0.6040941693113503,0.0011722300661205628,-0.0004045879067365865,-0.3451437720545337,0.69,22.363826788348923,22.262583763291644
count_ones_n2_ns64_init1.npy,count_ones,2,64,1,real,0.6332698817967928,0.6155376787390345,0.0010904823413321965,0.017732203057758245,16.260880516502045,0.0,19.686109794715314,23.690305562769073
count_ones_n2_ns64_init1.npy,count_ones,2,64,1,calibration,0.6176431562292023,0.6155727467038173,0.0011215991533872782,0.002070409525384953,1.8459442655000464,0.01,23.793275085555816,23.68279126155242
count_ones_n2_ns64_init2.npy,count_ones,2,64,2,real,0.6332698817967928,0.6154848536056811,0.0012033851354115836,0.017785028191111718,14.779165595251312,0.0,19.686109794715314,23.695023959561993
count_ones_n2_ns64_init2.npy,count_ones,2,64,2,calibration,0.6138641245198219,0.6155727589658614,0.0012064938293987523,-0.0017086344460395253,-1.4161982468580145,0.92,23.702557842409984,23.6666842943527
count_ones_n2_ns64_init3.npy,count_ones,2,64,3,real,0.6332698817967928,0.6155513338494587,0.001234916977543962,0.017718547947334073,14.347966923714358,0.0,19.686109794715314,23.716966742177206
count_ones_n2_ns64_init3.npy,count_ones,2,64,3,calibration,0.6148242235160827,0.6156518568351508,0.0011039544136602947,-0.0008276333190680996,-0.7496988180191073,0.78,23.529053064128984,23.662331252525096
count_ones_n2_ns64_init4.npy,count_ones,2,64,4,real,0.6228006188767612,0.6064663988990604,0.001140830387050747,0.016334219977700792,14.317833889337141,0.0,21.475331604499694,21.88149952052997
count_ones_n2_ns64_init4.npy,count_ones,2,64,4,calibration,0.6068916757352062,0.6068808796530709,0.0011997939513360457,1.0796082135278162e-05,0.008998280182406362,0.54,21.84578974676645,21.858750401582327
count_ones_n32_ns128_init0.npy,count_ones,32,128,0,real,0.6501682313670889,0.6474503179137243,0.0019619914905196242,0.0027179134533645843,1.3852829976570171,0.07,41.52914782257402,44.20711534451689
count_ones_n32_ns128_init0.npy,count_ones,32,128,0,calibration,0.6502396852704888,0.6475365945321754,0.002004050360758184,0.0027030907383134295,1.348813777958544,0.11,43.82655540183505,43.725935618803476
count_ones_n32_ns128_init1.npy,count_ones,32,128,1,real,0.6291745672177729,0.6383330093947798,0.0017603853937837495,-0.009158442177006898,-5.202521112335442,1.0,49.52875310242482,57.97972141758291
count_ones_n32_ns128_init1.npy,count_ones,32,128,1,calibration,0.6376113168192202,0.6385576947719199,0.0017061097930166078,-0.0009463779526996952,-0.5546993262528461,0.75,58.08878690172805,57.607285092040705
count_ones_n32_ns128_init2.npy,count_ones,32,128,2,real,0.6399217637723341,0.6441042142091601,0.0018766454345304569,-0.0041824504368259685,-2.2286844173483584,0.98,39.60320262544011,55.69204784163627
count_ones_n32_ns128_init2.npy,count_ones,32,128,2,calibration,0.6435853301474082,0.6436020067342557,0.001809025540551832,-1.667658684756379e-05,-0.00921854693244226,0.54,55.584129295388166,55.212117317689774
count_ones_n32_ns128_init3.npy,count_ones,32,128,3,real,0.622961543195974,0.6331611252398849,0.0016328501561073533,-0.010199582043910915,-6.246489921785777,1.0,54.16880567427557,61.0846167507161
count_ones_n32_ns128_init3.npy,count_ones,32,128,3,calibration,0.6320851904924657,0.6325587105076473,0.001788211787746568,-0.0004735200151816388,-0.26480085772074546,0.56,61.0269589342664,60.368841758058345
count_ones_n32_ns128_init4.npy,count_ones,32,128,4,real,0.6279813943777055,0.6481893346109849,0.0017574407169792551,-0.02020794023327943,-11.498504636909448,1.0,43.79309795128047,47.110357296624215
count_ones_n32_ns128_init4.npy,count_ones,32,128,4,calibration,0.6488650440441585,0.6482648021120161,0.0018158352826156965,0.0006002419321423647,0.330559681205071,0.38,46.922793651950904,46.88453318804094
count_ones_n32_ns64_init0.npy,count_ones,32,64,0,real,0.6212891983338377,0.6129058844104074,0.0014563105999997568,0.00838331392343028,5.7565425421140795,0.0,14.640885727328644,17.10522556650549
count_ones_n32_ns64_init0.npy,count_ones,32,64,0,calibration,0.6121678562854562,0.6131639463434371,0.0012039709053349669,-0.0009960900579808474,-0.8273373165140704,0.79,17.011941635122835,17.146180550792238
count_ones_n32_ns64_init1.npy,count_ones,32,64,1,real,0.6262355959011126,0.6222810767823439,0.0014114909521555476,0.003954519118768651,2.801660976097323,0.0,14.55317955002045,14.968414204191838
count_ones_n32_ns64_init1.npy,count_ones,32,64,1,calibration,0.6205290549494954,0.6222855897298333,0.0012486327065211718,-0.0017565347803378817,-1.4067665945030232,0.91,15.058014232989061,15.043819352528079
count_ones_n32_ns64_init2.npy,count_ones,32,64,2,real,0.6350801652828215,0.629372440117327,0.0012525886917857656,0.005707725165494559,4.556743329174786,0.0,15.18374933704729,14.11892785668756
count_ones_n32_ns64_init2.npy,count_ones,32,64,2,calibration,0.630286917100778,0.6288464439812551,0.0014059759053386813,0.0014404731195228893,1.0245361346899455,0.17,14.215240099498766,14.22775913660396
count_ones_n32_ns64_init3.npy,count_ones,32,64,3,real,0.6290316282385487,0.6246851648781049,0.0013213425734160396,0.004346463360443864,3.289429590698075,0.0,15.230682327862134,14.61026371681257
count_ones_n32_ns64_init3.npy,count_ones,32,64,3,calibration,0.6277051836435183,0.6245844122440753,0.00139914608058893,0.003120771399443001,2.2304828943446724,0.02,14.564094638401974,14.703049373636816
count_ones_n32_ns64_init4.npy,count_ones,32,64,4,real,0.6234292962843666,0.6201902696639103,0.0012679775349771659,0.0032390266204562757,2.5544826553371114,0.01,14.661910721420613,15.471948921225012
count_ones_n32_ns64_init4.npy,count_ones,32,64,4,calibration,0.6209325663622716,0.6205876973387673,0.0013130524587654081,0.0003448690235042795,0.2626467976980456,0.37,15.53724119055494,15.541146344229286
count_ones_n48_ns128_init0.npy,count_ones,48,128,0,real,0.6294088923766445,0.640978107116384,0.0018885985570013155,-0.011569214739739486,-6.125819961500388,1.0,37.09025365131585,41.907400227750784
count_ones_n48_ns128_init0.npy,count_ones,48,128,0,calibration,0.6412526680662091,0.6407568377920113,0.0019740104178741246,0.0004958302741977505,0.25117915777350663,0.42,41.35423244754597,41.72950644119416
count_ones_n48_ns128_init1.npy,count_ones,48,128,1,real,0.6614806224251787,0.6797786338747512,0.0026200427760677105,-0.01829801144957255,-6.983859812027614,1.0,22.768340795012517,26.843114409963245
count_ones_n48_ns128_init1.npy,count_ones,48,128,1,calibration,0.6766058357366702,0.6794149269610656,0.002783476095164102,-0.0028090912243954325,-1.0092025684272385,0.84,26.597340130112734,26.816258977741366
count_ones_n48_ns128_init2.npy,count_ones,48,128,2,real,0.6273286089867195,0.6379755554964424,0.0019131378106644872,-0.010646946509722865,-5.5651748924584155,1.0,24.794825798427002,48.97591404915426
count_ones_n48_ns128_init2.npy,count_ones,48,128,2,calibration,0.6396640512884849,0.6379563001996877,0.0019829886373836595,0.0017077510887971714,0.8612006426069923,0.16,48.97836344614556,48.51930818649712
count_ones_n48_ns128_init3.npy,count_ones,48,128,3,real,0.6525524766973523,0.6444528341025421,0.0020286379128628827,0.008099642594810219,3.9926507059013447,0.0,33.75671832306781,46.29470921052589
count_ones_n48_ns128_init3.npy,count_ones,48,128,3,calibration,0.6454448397632178,0.6442465589573407,0.00195368483034227,0.0011982808058770278,0.6133439679045358,0.3,46.36346191936359,46.108718662940326
count_ones_n48_ns128_init4.npy,count_ones,48,128,4,real,0.6422503827864993,0.6386998382645026,0.0019179734750892424,0.003550544521996657,1.8511958419192693,0.03,35.684877995883866,37.406602905204274
count_ones_n48_ns128_init4.npy,count_ones,48,128,4,calibration,0.6391148045556234,0.639184328881548,0.001851287323180528,-6.95243259245526e-05,-0.03755458434464359,0.53,37.578353590846625,37.314911338945954
count_ones_n4_ns128_init0.npy,count_ones,4,128,0,real,0.6094129217814945,0.6062989382299568,0.0015180591488625048,0.0031139835515376912,2.0512926349879232,0.01,60.67248324385251,67.18182235593592
count_ones_n4_ns128_init0.npy,count_ones,4,128,0,calibration,0.6054027412271622,0.6066779011550513,0.0013074372474203098,-0.001275159927889069,-0.9753125286931157,0.82,66.72713445110587,66.4457917051679
count_ones_n4_ns128_init1.npy,count_ones,4,128,1,real,0.6130494581429885,0.6126543564287731,0.0018487399182952173,0.00039510171421541784,0.21371406021229525,0.41,64.64005312638588,74.9322171623405
count_ones_n4_ns128_init1.npy,count_ones,4,128,1,calibration,0.6134000425497949,0.6129307258269935,0.0015504246407998046,0.0004693167228013717,0.30270205365110114,0.36,74.95113729241093,73.74594154239794
count_ones_n4_ns128_init2.npy,count_ones,4,128,2,real,0.6232346858931259,0.6127552856599973,0.0017585934719731796,0.010479400233128655,5.958966867635726,0.0,59.43980688670806,71.19429549368714
count_ones_n4_ns128_init2.npy,count_ones,4,128,2,calibration,0.6146579613897949,0.6129303249806288,0.0016944457612009121,0.0017276364091660668,1.0195879081674655,0.18,70.75593432133941,70.2668863773976
count_ones_n4_ns128_init3.npy,count_ones,4,128,3,real,0.6163824408751322,0.6199384564605994,0.0014308422612950308,-0.0035560155854672537,-2.4852603824049515,1.0,54.31184727060241,66.97407505683817
count_ones_n4_ns128_init3.npy,count_ones,4,128,3,calibration,0.6198046907371261,0.6199961547138304,0.0015393975971169098,-0.00019146397670433135,-0.1243759098123307,0.51,66.91562034438887,66.23370196710817
count_ones_n4_ns128_init4.npy,count_ones,4,128,4,real,0.6212440101530515,0.6130102453513918,0.0016485237081366067,0.008233764801659715,4.99462929226943,0.0,57.203635120973544,66.58988239695975
count_ones_n4_ns128_init4.npy,count_ones,4,128,4,calibration,0.6116353060255764,0.6131634933578085,0.001709261025904954,-0.0015281873322321449,-0.8940631706167048,0.86,66.27922540676616,65.80805086199918
count_ones_n4_ns64_init0.npy,count_ones,4,64,0,real,0.617928949146542,0.60017945876002,0.0009314638121936687,0.01774949038652196,19.055480367745634,0.0,27.112189633522075,28.223438807944675
count_ones_n4_ns64_init0.npy,count_ones,4,64,0,calibration,0.6007569330746367,0.5998837701523622,0.0009387650984599426,0.0008731629222745729,0.9301186459818426,0.19,28.049650388685205,28.248904941944428
count_ones_n4_ns64_init1.npy,count_ones,4,64,1,real,0.6174615177718813,0.6010962904200876,0.0010355552106963706,0.016365227351793687,15.803336396510147,0.0,26.406594956649997,27.090401094841077
count_ones_n4_ns64_init1.npy,count_ones,4,64,1,calibration,0.6004520811459808,0.6011013130409303,0.0012179617529100024,-0.0006492318949494758,-0.5330478509676558,0.71,27.315681237359453,27.14772610024821
count_ones_n4_ns64_init2.npy,count_ones,4,64,2,real,0.6215403811705177,0.6031774801460373,0.001036720501762847,0.01836290102448035,17.71248952177172,0.0,21.75096748156603,25.040579634306642
count_ones_n4_ns64_init2.npy,count_ones,4,64,2,calibration,0.604126815133106,0.6031235135793007,0.00111145216824989,0.0010033015538052359,0.9026943151184368,0.17,25.302837319123427,25.026041049339252
count_ones_n4_ns64_init3.npy,count_ones,4,64,3,real,0.6182059288827418,0.6013178701703353,0.0010329234437621126,0.016888058712406506,16.349768043696287,0.0,16.04639456961883,21.91494460228949
count_ones_n4_ns64_init3.npy,count_ones,4,64,3,calibration,0.6020118287573789,0.6011868903487045,0.0010542531593097355,0.0008249384086743694,0.7824860674019622,0.25,22.086628443575215,21.94408944682154
count_ones_n4_ns64_init4.npy,count_ones,4,64,4,real,0.6093794561532283,0.5995816199119023,0.0010601084055836135,0.009797836241326019,9.242296532807973,0.0,22.823344284391382,25.034128548049594
count_ones_n4_ns64_init4.npy,count_ones,4,64,4,calibration,0.6001833108568987,0.5995434497100492,0.0009028397278601572,0.0006398611468494408,0.7087206367911961,0.22,25.201101901194622,25.055791891464388
count_ones_n64_ns128_init0.npy,count_ones,64,128,0,real,0.6668042670315537,0.6688634495527824,0.0026481695387274282,-0.0020591825212287196,-0.7775871186171317,0.77,20.566597627535778,29.165355682638175
count_ones_n64_ns128_init0.npy,count_ones,64,128,0,calibration,0.6702144550489607,0.6690055076843129,0.0022912772391528945,0.0012089473646478277,0.527630329490283,0.33,29.19727619734747,29.039976888576938
count_ones_n64_ns128_init1.npy,count_ones,64,128,1,real,0.6593009596692075,0.6659793884898393,0.002234010065029347,-0.006678428820631743,-2.9894354216098895,0.99,29.62502813089324,29.618024890132357
count_ones_n64_ns128_init1.npy,count_ones,64,128,1,calibration,0.6658675669165839,0.6661750336312728,0.002526634552345999,-0.00030746671468895315,-0.1216902200610959,0.5,30.08128153183007,29.575455659406792
count_ones_n64_ns128_init2.npy,count_ones,64,128,2,real,0.6371187563311153,0.6313494229006152,0.0019262186520738642,0.005769333430500012,2.99516019341234,0.0,28.53870201649119,48.05866698040119
count_ones_n64_ns128_init2.npy,count_ones,64,128,2,calibration,0.6306082546865576,0.631084456504217,0.002122923403219514,-0.00047620181765939407,-0.22431417776883117,0.62,48.056660674836316,47.417710030608305
count_ones_n64_ns128_init3.npy,count_ones,64,128,3,real,0.6364510987839554,0.6700107389409734,0.0024894442893520796,-0.033559640157017956,-13.480775729973224,1.0,12.963401754150484,24.968320582752497
count_ones_n64_ns128_init3.npy,count_ones,64,128,3,calibration,0.6679973624551739,0.6703016014360724,0.0022324679264566654,-0.0023042389808984876,-1.0321487505335567,0.87,24.933668881914148,24.90859655899601
count_ones_n64_ns128_init4.npy,count_ones,64,128,4,real,0.6295081218818399,0.6395676752900862,0.002548953269755723,-0.010059553408246269,-3.946542891784877,1.0,30.324279394748856,40.623730505909265
count_ones_n64_ns128_init4.npy,count_ones,64,128,4,calibration,0.6389923212610908,0.6399582310337839,0.002374147809964377,-0.0009659097726930632,-0.4068448344450619,0.64,40.96940157100828,40.33261487963921
count_ones_n8_ns128_init0.npy,count_ones,8,128,0,real,0.6341001077640332,0.6278821107100984,0.0014582376338934935,0.006217997053934887,4.26404922586783,0.0,42.41888563299872,43.800518388509005
count_ones_n8_ns128_init0.npy,count_ones,8,128,0,calibration,0.6275723097797316,0.6283154397088,0.0016477243228474306,-0.0007431299290684423,-0.45100379885407066,0.68,43.55500752986073,43.76002460218683
count_ones_n8_ns128_init1.npy,count_ones,8,128,1,real,0.38578450120861535,0.6129804239554303,0.0017215435046688172,-0.22719592274681494,-131.97222267730135,1.0,59.77686161961859,67.45042168114773
count_ones_n8_ns128_init1.npy,count_ones,8,128,1,calibration,0.6137407517551726,0.6131034448707271,0.0015000804424093524,0.000637306884445521,0.4248484724071939,0.31,67.37890282684188,66.6239883843526
count_ones_n8_ns128_init2.npy,count_ones,8,128,2,real,0.6188270282542466,0.6154362209287549,0.0016154459516678303,0.003390807325491685,2.0989915026193993,0.02,61.98873810772562,66.25696899218256
count_ones_n8_ns128_init2.npy,count_ones,8,128,2,calibration,0.6172845897627616,0.615297598273959,0.0015046385464744447,0.0019869914888025475,1.320577286457479,0.07,66.57861995858546,65.37623471383382
count_ones_n8_ns128_init3.npy,count_ones,8,128,3,real,0.6341927421073681,0.6244053411128525,0.0017850243898482093,0.009787400994515583,5.483062892685663,0.0,60.32567190776171,70.4367214986534
count_ones_n8_ns128_init3.npy,count_ones,8,128,3,calibration,0.6258549054529124,0.6245627445603215,0.001852283053034594,0.0012921608925909878,0.697604445753602,0.22,70.16766709701875,69.54139729510945
count_ones_n8_ns128_init4.npy,count_ones,8,128,4,real,0.6148752438438146,0.6211939875123146,0.0014191813423456753,-0.006318743668499938,-4.452386372312424,1.0,51.39198032428674,62.63108878649496
count_ones_n8_ns128_init4.npy,count_ones,8,128,4,calibration,0.6220354976658039,0.6215328073443114,0.0015496167026259216,0.0005026903214925271,0.3243965560262013,0.37,63.248401892031005,61.76725599894969
count_ones_n8_ns64_init0.npy,count_ones,8,64,0,real,0.6274287836793115,0.608235031548505,0.0009050590051142949,0.01919375213080654,21.207183202804185,0.0,23.009672662050587,21.91144901189911
count_ones_n8_ns64_init0.npy,count_ones,8,64,0,calibration,0.6107034975874446,0.608111053600562,0.001010965167652075,0.002592443986882631,2.5643257253892098,0.0,22.012456594821415,21.907997806414063
count_ones_n8_ns64_init1.npy,count_ones,8,64,1,real,0.6192181809864785,0.5989487267486557,0.0010974725072935526,0.02026945423782278,18.46921367334179,0.0,15.451902806798746,21.14889346497589
count_ones_n8_ns64_init1.npy,count_ones,8,64,1,calibration,0.5977303948506869,0.5987504957424143,0.0010090463541409746,-0.001020100891727438,-1.0109554308789652,0.86,21.19516365645907,21.25287942593039
count_ones_n8_ns64_init2.npy,count_ones,8,64,2,real,0.6181592629777891,0.5990745630065315,0.0009582695891572293,0.019084699971257613,19.91579424746439,0.0,16.884453444546324,20.92955471140746
count_ones_n8_ns64_init2.npy,count_ones,8,64,2,calibration,0.5986912273514516,0.5991099154972234,0.001058277563559988,-0.0004186881457717284,-0.3956316945464518,0.63,21.05103685857305,20.960926273524933
count_ones_n8_ns64_init3.npy,count_ones,8,64,3,real,0.6190362206672315,0.5985701552767161,0.0009780075673566679,0.02046606539051543,20.92628531068584,0.0,17.579761340185552,21.71443328825525
count_ones_n8_ns64_init3.npy,count_ones,8,64,3,calibration,0.5986690301374947,0.5983922345919406,0.0011074683075046365,0.00027679554555415375,0.24993541005054443,0.43,21.690768387595504,21.73948269878232
count_ones_n8_ns64_init4.npy,count_ones,8,64,4,real,0.615973773502087,0.5971412391641945,0.0010108230385891645,0.01883253433789256,18.630891480449122,0.0,18.875005423222465,22.81256624784359
count_ones_n8_ns64_init4.npy,count_ones,8,64,4,calibration,0.5977242461437628,0.597460247696957,0.0008604231684881822,0.0002639984468058021,0.30682396345703244,0.41,22.850452494301976,22.82460387611025
projection_n16_ns128_init0.npy,projection,16,128,0,real,0.6519823090448774,0.6494687095539179,0.0020431152411497784,0.0025135994909595283,1.2302778817043043,0.1,46.102089848740434,63.95332441767824
projection_n16_ns128_init0.npy,projection,16,128,0,calibration,0.6469955695972073,0.6492601336104219,0.002221081542698438,-0.0022645640132146205,-1.0195771608021895,0.85,64.59195142532957,63.592835514934485
projection_n16_ns128_init1.npy,projection,16,128,1,real,0.6394466213878564,0.630231903835096,0.0018424071845262837,0.009214717552760376,5.00145550351273,0.0,24.874744687151665,55.62719425749053
projection_n16_ns128_init1.npy,projection,16,128,1,calibration,0.6319605246643581,0.6305935225488595,0.0018558039056336885,0.0013670021154986722,0.7366091381470024,0.22,55.763952323642336,55.27192015196303
projection_n16_ns128_init2.npy,projection,16,128,2,real,0.6268624827854963,0.6215018528048405,0.0016940314333922736,0.0053606299806557844,3.1644217899317253,0.0,37.19806863325264,62.901058371126794
projection_n16_ns128_init2.npy,projection,16,128,2,calibration,0.6218990080815954,0.621425826902718,0.0016344336766130486,0.0004731811788774021,0.28950772714005174,0.35,62.6169076318387,62.67035182906205
projection_n16_ns128_init3.npy,projection,16,128,3,real,0.6381446975146118,0.6348786678740038,0.0019476387967804305,0.003266029640607959,1.6769175300917767,0.04,42.96111920759858,67.68152901647048
projection_n16_ns128_init3.npy,projection,16,128,3,calibration,0.6345532304427226,0.6354411545739259,0.0017253776230710647,-0.0008879241312033104,-0.5146259690228627,0.7,68.01598732388479,67.09399930167876
projection_n16_ns128_init4.npy,projection,16,128,4,real,0.6384081976337026,0.6271725954070944,0.002472636166460577,0.011235602226608243,4.5439771443169095,0.0,40.55337188552648,55.05997573537177
projection_n16_ns128_init4.npy,projection,16,128,4,calibration,0.6249404289388485,0.6272422447125912,0.0020725027799831435,-0.002301815773742666,-1.1106454456777073,0.86,55.11398423507888,54.74492187137168
projection_n16_ns64_init0.npy,projection,16,64,0,real,0.605085340959899,0.6037758758308983,0.0011350655108001992,0.0013094651290006531,1.1536471829520267,0.12,15.81528595791761,24.809758645496398
projection_n16_ns64_init0.npy,projection,16,64,0,calibration,0.601520673946752,0.6038352063434764,0.0011737914503869014,-0.0023145323967244114,-1.9718429504334034,0.98,24.758594132822818,24.916780268655472
projection_n16_ns64_init1.npy,projection,16,64,1,real,0.6107633792897142,0.6026520551845117,0.001023162034970905,0.008111324105202544,7.9277023853149515,0.0,17.202133708071838,23.962311616724715
projection_n16_ns64_init1.npy,projection,16,64,1,calibration,0.603368247445761,0.6024690946349027,0.0011794203033741752,0.0008991528108582836,0.7623684349726039,0.23,24.25354086290454,24.058259686018268
projection_n16_ns64_init2.npy,projection,16,64,2,real,0.6134912712030924,0.6038615985354832,0.001401850629572793,0.00962967266760928,6.86925729779347,0.0,13.836615231304554,17.975869724490583
projection_n16_ns64_init2.npy,projection,16,64,2,calibration,0.6029108782192932,0.6040549300929079,0.001389008346532635,-0.0011440518736146599,-0.8236465075753814,0.76,18.025145270967357,18.0969908099278
projection_n16_ns64_init3.npy,projection,16,64,3,real,0.6110161154966559,0.6015988797781748,0.0009745775999923139,0.009417235718481076,9.662889562160414,0.0,19.72193688315403,26.82465989243668
projection_n16_ns64_init3.npy,projection,16,64,3,calibration,0.6004166304307238,0.6016166492908112,0.0010660727934028768,-0.0012000188600873596,-1.125644390808371,0.88,26.683165953617266,26.92484043063869
projection_n16_ns64_init4.npy,projection,16,64,4,real,0.6066753332805965,0.6054056424158148,0.0011261962384214149,0.0012696908647816807,1.12741529536753,0.12,18.2801081725846,23.78327211013893
projection_n16_ns64_init4.npy,projection,16,64,4,calibration,0.603229415319938,0.6051513707483608,0.0010668028820011947,-0.0019219554284227724,-1.8016031460445756,0.97,23.83575338474201,23.876508958492845
projection_n24_ns128_init0.npy,projection,24,128,0,real,0.6450626558191779,0.6499128834294581,0.002390137531933405,-0.0048502276102802,-2.029267163700327,0.97,11.26598540873904,32.856830413857075
projection_n24_ns128_init0.npy,projection,24,128,0,calibration,0.6514346016411979,0.6500866554486815,0.002146378741929036,0.001347946192516436,0.6280094776306735,0.22,32.875702895967365,32.63511873117168
projection_n24_ns128_init1.npy,projection,24,128,1,real,0.6267480269209685,0.645510503172628,0.002107120075502105,-0.0187624762516595,-8.904322287940138,1.0,23.27640763891112,46.570296840389126
projection_n24_ns128_init1.npy,projection,24,128,1,calibration,0.6434488407407719,0.6456357165680694,0.0018359010870068232,-0.0021868758272974853,-1.19117301186573,0.89,46.83302657072259,46.23821349736179
projection_n24_ns128_init2.npy,projection,24,128,2,real,0.6582038687987868,0.641145884319966,0.0020078236135033798,0.017057984478820787,8.495758474050875,0.0,26.55888326894007,76.60852977203716
projection_n24_ns128_init2.npy,projection,24,128,2,calibration,0.6431548101711189,0.641821021092632,0.0018486541473033827,0.0013337890784869133,0.7214919461449839,0.21,76.86046878837722,76.65660703638699
projection_n24_ns128_init3.npy,projection,24,128,3,real,0.6248045807429037,0.6338302468193803,0.0017318113935260726,-0.00902566607647659,-5.211691128847344,1.0,42.60336388869351,63.82215319179791
projection_n24_ns128_init3.npy,projection,24,128,3,calibration,0.6356382008671332,0.63415586383936,0.0015944228984029441,0.0014823370277732284,0.9297012914566225,0.17,63.30219661233298,63.1863863027633
projection_n24_ns128_init4.npy,projection,24,128,4,real,0.6380701459266841,0.6300582433317199,0.0019302785381371723,0.008011902594964204,4.15064584549344,0.0,34.510549215336795,66.59650833317366
projection_n24_ns128_init4.npy,projection,24,128,4,calibration,0.6296698264362135,0.63010229763218,0.001697535813912311,-0.0004324711959664551,-0.2547641071381809,0.58,66.59457239471622,65.86981087317857
projection_n24_ns64_init0.npy,projection,24,64,0,real,0.6206278172509936,0.6125114855156186,0.0009528539543366409,0.00811633173537496,8.517917880736926,0.0,18.028339006243467,22.977735444644942
projection_n24_ns64_init0.npy,projection,24,64,0,calibration,0.6126261226827544,0.6124551943614741,0.0012387805149629539,0.00017092832128029478,0.13798111870156954,0.38,22.798042510674094,23.078666519078762
projection_n24_ns64_init1.npy,projection,24,64,1,real,0.6161872681102282,0.6052337402011255,0.0010485912596222464,0.010953527909102645,10.445946224126109,0.0,20.798175166148404,24.84901198124421
projection_n24_ns64_init1.npy,projection,24,64,1,calibration,0.6055238707642616,0.6054536550009137,0.000956204062942608,7.02157633478695e-05,0.07343177682365055,0.46,24.80410327255817,24.882501026139035
projection_n24_ns64_init2.npy,projection,24,64,2,real,0.6163011682435372,0.6047528039517126,0.0009588475180761397,0.011548364291824598,12.044004989443557,0.0,22.345774940413932,27.196044884723424
projection_n24_ns64_init2.npy,projection,24,64,2,calibration,0.6044334009754225,0.6049048985946986,0.0011045776463624098,-0.0004714976192761178,-0.42685783188610743,0.65,27.168675694428725,27.30190748658647
projection_n24_ns64_init3.npy,projection,24,64,3,real,0.6079886335071141,0.6028706152146563,0.0011747708059256245,0.005118018292457727,4.356610043969505,0.0,20.34574152649608,27.32039817093852
projection_n24_ns64_init3.npy,projection,24,64,3,calibration,0.601879334548337,0.6026757601630184,0.0009068219769456807,-0.0007964256146814064,-0.8782601601296578,0.77,27.494508634619017,27.267890268622637
projection_n24_ns64_init4.npy,projection,24,64,4,real,0.6132362176737796,0.6045181211114043,0.0011557351780151681,0.00871809656237521,7.543334085709375,0.0,14.775143809190148,22.7029290671085
projection_n24_ns64_init4.npy,projection,24,64,4,calibration,0.6049223242588112,0.6043523511620704,0.0012121430409546754,0.0005699730967407834,0.4702193367309824,0.36,22.681885252861974,23.038878338925446
projection_n2_ns128_init0.npy,projection,2,128,0,real,0.6339662519427416,0.6430076605718146,0.001770736224975816,-0.009041408629072989,-5.10601663960225,1.0,56.1558584386066,72.28677504965273
projection_n2_ns128_init0.npy,projection,2,128,0,calibration,0.6453883799156795,0.6432243277439957,0.0018391191587130652,0.0021640521716838057,1.176678608034356,0.1,72.16968213797043,71.8687462496965
projection_n2_ns128_init1.npy,projection,2,128,1,real,0.6405090241111847,0.6519540498334032,0.0020952806402250576,-0.011445025722218505,-5.4622877253278945,1.0,56.08348319311336,73.23063287246404
projection_n2_ns128_init1.npy,projection,2,128,1,calibration,0.6471976042214018,0.6522895111139344,0.0021557250300337674,-0.005091906892532583,-2.3620391383834436,0.99,72.9166941758806,72.41048116411957
projection_n2_ns128_init2.npy,projection,2,128,2,real,0.6384985668618589,0.6337038657594887,0.0017525160227413648,0.004794701102370236,2.735895729426854,0.0,51.543958669782334,70.9134051124839
projection_n2_ns128_init2.npy,projection,2,128,2,calibration,0.6331000260301989,0.6336805298351961,0.0017545866856104027,-0.00058050380499719,-0.33084931611414725,0.63,70.05187997568858,70.44045727190293
projection_n2_ns128_init3.npy,projection,2,128,3,real,0.6405090241111847,0.6522613593424021,0.0019716432190154017,-0.011752335231217437,-5.960680470925319,1.0,56.08348319311336,73.1605891281027
projection_n2_ns128_init3.npy,projection,2,128,3,calibration,0.6533436043580415,0.6519491647351069,0.0020497796500808566,0.0013944396229346179,0.6802875728030631,0.25,73.6128039252141,72.3424701360568
projection_n2_ns128_init4.npy,projection,2,128,4,real,0.6434976925148844,0.6518913307834646,0.001887403572645297,-0.008393638268580195,-4.447187867095145,1.0,54.695022340602755,67.47625354387232
projection_n2_ns128_init4.npy,projection,2,128,4,calibration,0.6542459503330856,0.6515860684467022,0.002199093686991191,0.0026598818863834417,1.2095355018833704,0.09,68.23224604300216,66.99815067808333
projection_n2_ns64_init0.npy,projection,2,64,0,real,0.6377343152467038,0.6218472548354509,0.0012946495673520084,0.015887060411252873,12.271320990549766,0.0,10.116404545569173,18.346252835942526
projection_n2_ns64_init0.npy,projection,2,64,0,calibration,0.6215167518021615,0.6218960692726733,0.0013620739696659672,-0.0003793174705117863,-0.2784852210374518,0.59,18.358291730219435,18.466338020460988
projection_n2_ns64_init1.npy,projection,2,64,1,real,0.6373349764045748,0.6253650845663327,0.001406151645773899,0.011969891838242153,8.51251845717844,0.0,13.388487434145267,19.831846806206258
projection_n2_ns64_init1.npy,projection,2,64,1,calibration,0.625802664703796,0.6257271376224954,0.0013559998882478642,7.552708130054153e-05,0.05569844212755266,0.48,19.59978822698702,19.817011705563623
projection_n2_ns64_init2.npy,projection,2,64,2,real,0.6356018046396904,0.620796500734746,0.0011052912554629138,0.014805303904944389,13.394934440826358,0.0,8.852322464923429,16.614316436150908
projection_n2_ns64_init2.npy,projection,2,64,2,calibration,0.6188965695317499,0.620672466809867,0.0012111034281194275,-0.0017758972781171112,-1.466346504257429,0.92,16.40513579879197,16.723774857337983
projection_n2_ns64_init3.npy,projection,2,64,3,real,0.6495436076484731,0.6292733673945281,0.001258978482680558,0.02027024025394497,16.100545428533874,0.0,11.118659057611264,17.635311852759855
projection_n2_ns64_init3.npy,projection,2,64,3,calibration,0.6303095110471416,0.6294161303566214,0.0012470852959591263,0.0008933806905202513,0.716374969230278,0.26,17.776929446630948,17.681363931145036
projection_n2_ns64_init4.npy,projection,2,64,4,real,0.6264946028314289,0.6188951534028293,0.001224504782174985,0.007599449428599581,6.206141077784374,0.0,12.397164448244885,19.637257432892877
projection_n2_ns64_init4.npy,projection,2,64,4,calibration,0.6175550560615796,0.6190262567042377,0.0013101954474251996,-0.0014712006426581548,-1.1228863949644787,0.86,19.668321045866183,19.66298640444736
projection_n32_ns128_init0.npy,projection,32,128,0,real,0.6312849099143218,0.6329473423733362,0.0020560649137514354,-0.001662432459014318,-0.8085505705075686,0.81,14.428642481615475,30.04465113771716
projection_n32_ns128_init0.npy,projection,32,128,0,calibration,0.6326458490455508,0.6326768685780736,0.0019317063024877027,-3.101953252282463e-05,-0.01605809976541302,0.52,29.995288961344638,29.932194867247635
projection_n32_ns128_init1.npy,projection,32,128,1,real,0.6324479979470523,0.6172635648588828,0.0018574554992851012,0.015184433088169524,8.174856998734947,0.0,37.95116828659869,61.826424239295974
projection_n32_ns128_init1.npy,projection,32,128,1,calibration,0.6163293923461671,0.6173308243616847,0.0017045557392483838,-0.0010014320155176115,-0.5875032376231877,0.74,61.161578544059154,61.41929457130553
projection_n32_ns128_init2.npy,projection,32,128,2,real,0.647401806175865,0.6206306544710531,0.0018239118159546063,0.026771151704811813,14.677876129005842,0.0,2.7980090824494557,50.33622217014774
projection_n32_ns128_init2.npy,projection,32,128,2,calibration,0.6218604579631057,0.6211986123355467,0.001958409130217111,0.000661845627558999,0.33795064440167627,0.38,50.45522497672907,51.182733620754206
projection_n32_ns128_init3.npy,projection,32,128,3,real,0.6748858655617259,0.6461099561989048,0.0018162908494779942,0.02877590936282115,15.843227625735938,0.0,33.028169871268766,43.10840277959519
projection_n32_ns128_init3.npy,projection,32,128,3,calibration,0.6495251509418284,0.6461530153038223,0.001906181245639019,0.0033721356380060907,1.7690529931090746,0.05,43.10953924837565,43.00939099625973
projection_n32_ns128_init4.npy,projection,32,128,4,real,0.661202375206558,0.6459867976031307,0.0019030306229419606,0.015215577603427288,7.995445485740531,0.0,26.729565082840022,40.07366631902401
projection_n32_ns128_init4.npy,projection,32,128,4,calibration,0.6440085693779476,0.6457046774813513,0.0019979502942705945,-0.001696108103403704,-0.8489240739709762,0.8,39.70083043155278,39.82378099572937
projection_n32_ns64_init0.npy,projection,32,64,0,real,0.6211167635022803,0.6242203575901426,0.0012256775521865572,-0.003103594087862316,-2.532145654724307,1.0,18.40371780483418,25.44408421961319
projection_n32_ns64_init0.npy,projection,32,64,0,calibration,0.6243760873605988,0.6242066904551298,0.0011813607524013988,0.00016939690546902142,0.1433913435203274,0.42,25.521893798608883,25.496281888879608
projection_n32_ns64_init1.npy,projection,32,64,1,real,0.6154943729304484,0.618464383566906,0.0012228808558738173,-0.0029700106364576317,-2.428699919695277,0.98,21.269795676593883,26.21027633909606
projection_n32_ns64_init1.npy,projection,32,64,1,calibration,0.621042766588724,0.618270078854517,0.001279354638993444,0.0027726877342070244,2.167254996932272,0.02,26.342738661240457,26.324330256499966
projection_n32_ns64_init2.npy,projection,32,64,2,real,0.6173535678908416,0.6210156161941991,0.0012858616007769639,-0.003662048303357479,-2.8479334798898557,1.0,18.452669924846397,23.152687670761757
projection_n32_ns64_init2.npy,projection,32,64,2,calibration,0.6209237964434372,0.6210717396240161,0.001242423572895976,-0.0001479431805788689,-0.1190762826835512,0.48,23.17017921088935,23.111888682670774
projection_n32_ns64_init3.npy,projection,32,64,3,real,0.6151380526858363,0.6207844385548013,0.0011451067625033002,-0.0056463858689649316,-4.930881603232746,1.0,20.609640765467628,27.813130930687656
projection_n32_ns64_init3.npy,projection,32,64,3,calibration,0.6225346007673518,0.6207004545827344,0.0012728503160402992,0.0018341461846174134,1.4409755503092032,0.08,27.93404115648604,27.891173170574266
projection_n32_ns64_init4.npy,projection,32,64,4,real,0.6173799041425704,0.6197339245247836,0.0011619702805258825,-0.0023540203822132177,-2.025886910935312,0.98,21.830165159190884,25.31410300736093
projection_n32_ns64_init4.npy,projection,32,64,4,calibration,0.619093571598283,0.6195989011904257,0.0012313538244608472,-0.000505329592142667,-0.4103853677994848,0.65,25.400897448266267,25.37531501213636
projection_n48_ns128_init0.npy,projection,48,128,0,real,0.6292280834086091,0.6520754772366039,0.005595282063459374,-0.022847393827994722,-4.08333191586573,1.0,10.129970599303796,13.34082903380358
projection_n48_ns128_init0.npy,projection,48,128,0,calibration,0.6515654472300363,0.6521163118634205,0.005447105470675779,-0.0005508646333841627,-0.10112979018851663,0.58,13.29311934875875,13.341200234118539
projection_n48_ns128_init1.npy,projection,48,128,1,real,0.6282610791886759,0.6292193748812819,0.0016758112787197267,-0.0009582956926059705,-0.5718398633395533,0.72,37.95878961952754,40.416071493392586
projection_n48_ns128_init1.npy,projection,48,128,1,calibration,0.6294160635922673,0.6296329010515932,0.0017487343445840142,-0.0002168374593258804,-0.12399679802563797,0.52,40.67486568487646,40.34980507765279
projection_n48_ns128_init2.npy,projection,48,128,2,real,0.6181822938762831,0.6214186283112473,0.0017570852088634752,-0.003236334434964183,-1.8418767733282109,0.95,41.75738657604976,56.833480079566655
projection_n48_ns128_init2.npy,projection,48,128,2,calibration,0.6239946863860204,0.6215070074189133,0.0015933053391706086,0.00248767896710711,1.561332222988762,0.06,56.53583558241053,56.26323884392513
projection_n48_ns128_init3.npy,projection,48,128,3,real,0.6575926240866354,0.6486066551989029,0.0018560080713452124,0.00898596888773251,4.841557009619891,0.0,29.28008301926309,41.50954366359004
projection_n48_ns128_init3.npy,projection,48,128,3,calibration,0.6486829355393592,0.6485968494085378,0.0015222831147462161,8.608613082139449e-05,0.056550670494526334,0.46,41.64807322889243,41.3473068257414
projection_n48_ns128_init4.npy,projection,48,128,4,real,0.6604410829816688,0.6351198849709063,0.001528211151511067,0.02532119801076249,16.56917500289496,0.0,35.18604653248283,52.93681565325645
projection_n48_ns128_init4.npy,projection,48,128,4,calibration,0.6322164823915855,0.634988118709083,0.0017312694727327571,-0.00277163631749755,-1.600927158452465,0.96,52.69986705720303,52.574203524866924
projection_n4_ns128_init0.npy,projection,4,128,0,real,0.6289616164015303,0.6187160967466228,0.001576929741692266,0.010245519654907498,6.497131345821802,0.0,55.61518498599104,72.50201618495322
projection_n4_ns128_init0.npy,projection,4,128,0,calibration,0.620351708079696,0.6182403061391549,0.001580873710282414,0.0021114019405410467,1.3355917849781036,0.07,72.9783049292213,72.02369513945924
projection_n4_ns128_init1.npy,projection,4,128,1,real,0.6167702765283132,0.6154601104011861,0.001880765889347697,0.0013101661271270881,0.6966130843544227,0.23,46.57197109184088,75.67537296519764
projection_n4_ns128_init1.npy,projection,4,128,1,calibration,0.6135069426142956,0.6152046941885163,0.0018302169195332184,-0.0016977515742206961,-0.927623144612658,0.8,75.80401262272942,74.93320800902933
projection_n4_ns128_init2.npy,projection,4,128,2,real,0.6045168354898969,0.6137657595776205,0.0016935427344310873,-0.009248924087723598,-5.461287689814686,1.0,62.052949052721374,83.95886765240105
projection_n4_ns128_init2.npy,projection,4,128,2,calibration,0.6117672956703364,0.6138324011069404,0.001643383694068473,-0.0020651054366039867,-1.2566179426372854,0.89,83.77095621159077,83.09152575960991
projection_n4_ns128_init3.npy,projection,4,128,3,real,0.3821618270508505,0.6160217496268854,0.0014563440882976396,-0.23385992257603488,-160.58012969270203,1.0,47.02597496267719,69.48454185009014
projection_n4_ns128_init3.npy,projection,4,128,3,calibration,0.6162787141524454,0.6157811646895819,0.0015061605796534208,0.0004975494628635113,0.33034290605189076,0.39,69.19331998153514,68.80740004124219
projection_n4_ns128_init4.npy,projection,4,128,4,real,0.6358040053903582,0.6231025176619951,0.002073734414959391,0.012701487728363103,6.124934628435451,0.0,47.73110766195188,75.14412561939429
projection_n4_ns128_init4.npy,projection,4,128,4,calibration,0.6195482677253584,0.6234770902908345,0.0019651382618536325,-0.003928822565476109,-1.9992601242063321,0.97,74.9125392479997,74.4909453574005
projection_n4_ns64_init0.npy,projection,4,64,0,real,0.6594767023135716,0.6282643153047802,0.001429251408171616,0.031212387008791365,21.838276198531172,0.0,9.685587316695505,15.442335870559969
projection_n4_ns64_init0.npy,projection,4,64,0,calibration,0.6258229465197992,0.6285703633754111,0.0011122316558818646,-0.0027474168556118617,-2.4701840134495128,1.0,15.377468892439538,15.492558918752712
projection_n4_ns64_init1.npy,projection,4,64,1,real,0.6100876262958961,0.6026146468552598,0.0009699604551502594,0.007472979440636296,7.7044166089004475,0.0,15.251381622595341,21.19563883611603
projection_n4_ns64_init1.npy,projection,4,64,1,calibration,0.6027909368401421,0.6029660935096681,0.001153055661446858,-0.00017515666952605535,-0.1519065170767803,0.55,21.315147545158645,21.225996233109882
projection_n4_ns64_init2.npy,projection,4,64,2,real,0.6253734261225959,0.6110894013793717,0.0013029911020999347,0.01428402474322421,10.962488324136443,0.0,15.416187010815941,20.885909782318794
projection_n4_ns64_init2.npy,projection,4,64,2,calibration,0.6140067999818909,0.6115599060042858,0.0009655145015502196,0.0024468939776051135,2.5342902397389238,0.0,20.833566526139492,20.882290479871727
projection_n4_ns64_init3.npy,projection,4,64,3,real,0.6124944312758849,0.6019105584644278,0.0010789038516114972,0.010583872811457118,9.809838750365559,0.0,16.61779153717811,22.985694613439094
projection_n4_ns64_init3.npy,projection,4,64,3,calibration,0.6010131794629426,0.6020567772274594,0.0009285454934345453,-0.0010435977645167904,-1.123905906491113,0.88,22.84052661312745,23.005914811229342
projection_n4_ns64_init4.npy,projection,4,64,4,real,0.6151634684884888,0.6061693830065455,0.0010880844667967456,0.008994085481943248,8.26598095681054,0.0,15.290581121988346,20.338410362711805
projection_n4_ns64_init4.npy,projection,4,64,4,calibration,0.6069373146777126,0.6062405632204909,0.0011857535185606323,0.0006967514572217004,0.5876022683596808,0.19,20.293784928813192,20.393802238787842
projection_n64_ns128_init0.npy,projection,64,128,0,real,0.6125650290470962,0.6442832605522923,0.001998727919417176,-0.03171823150519615,-15.869209209047874,1.0,12.676207586527177,23.847736934842338
projection_n64_ns128_init0.npy,projection,64,128,0,calibration,0.6439702974881726,0.644436226619948,0.0017962692560278227,-0.0004659291317754555,-0.2593871326427905,0.62,23.854944680494306,23.683960683012916
projection_n64_ns128_init1.npy,projection,64,128,1,real,0.6476902662821041,0.6421136412355564,0.001733745060949318,0.005576625046547767,3.2165196441824424,0.0,29.748423647911682,35.193578518768334
projection_n64_ns128_init1.npy,projection,64,128,1,calibration,0.6432091200791361,0.6418422751805767,0.001539947562379083,0.0013668448985594273,0.8875918453013897,0.18,35.120543426587375,35.239002814909014
projection_n64_ns128_init2.npy,projection,64,128,2,real,0.635556847302504,0.6241403598434472,0.001550232241229034,0.011416487459056768,7.3643723536582515,0.0,45.92700962302361,50.97772412892586
projection_n64_ns128_init2.npy,projection,64,128,2,calibration,0.6201868148415037,0.6239049799630427,0.0014879167023199751,-0.0037181651215389966,-2.498906770615314,0.98,51.00884789043642,50.83033495037795
projection_n64_ns128_init3.npy,projection,64,128,3,real,0.6613367541132422,0.6486081667229899,0.001781585807214505,0.012728587390252288,7.144526712498531,0.0,23.62686256661029,32.93735769618824
projection_n64_ns128_init3.npy,projection,64,128,3,calibration,0.6463925113108702,0.6486763356283833,0.0016803462275398198,-0.0022838243175131723,-1.3591391345918629,0.91,32.8092301152526,32.84795903797572
projection_n64_ns128_init4.npy,projection,64,128,4,real,0.649692463005881,0.643342375793188,0.002010009580678739,0.006350087212693034,3.159232310996617,0.0,28.184752975106637,38.50316835216479
projection_n64_ns128_init4.npy,projection,64,128,4,calibration,0.6454253412416641,0.6436188219278627,0.0019212355267600588,0.0018065193138013802,0.9402903957579141,0.15,38.54818990328716,38.49871880444192
projection_n8_ns128_init0.npy,projection,8,128,0,real,0.6514315958785465,0.6453741661973885,0.002050129332018671,0.006057429681157966,2.9546573411510018,0.0,40.52981979824725,56.86921437901262
projection_n8_ns128_init0.npy,projection,8,128,0,calibration,0.643813139537359,0.6449490037376343,0.0016858649567492129,-0.0011358642002753383,-0.6737575247222534,0.77,56.856717494951695,56.54513327548472
projection_n8_ns128_init1.npy,projection,8,128,1,real,0.6359139387805289,0.6329669418893888,0.0022398454680662423,0.0029469968911400857,1.3157143799229858,0.08,44.91771863225378,75.49712545044147
projection_n8_ns128_init1.npy,projection,8,128,1,calibration,0.6334699258065354,0.6331416798617332,0.0017306330130067648,0.0003282459448021857,0.18966814011706515,0.42,75.45723385187557,74.9600087969475
projection_n8_ns128_init2.npy,projection,8,128,2,real,0.6133214078112488,0.6107411697314822,0.0015348962839519,0.0025802380797665947,1.6810504440881513,0.05,63.136724895755165,86.05929231246775
projection_n8_ns128_init2.npy,projection,8,128,2,calibration,0.6121331346592188,0.6103576963803006,0.0014587767218661313,0.00177543827891824,1.2170733548908166,0.13,86.30541920180707,85.30505567748737
projection_n8_ns128_init3.npy,projection,8,128,3,real,0.6194073030924911,0.621432709273335,0.0016676476574769752,-0.0020254061808439028,-1.2145288435257298,0.9,38.12332110975954,66.00973568829573
projection_n8_ns128_init3.npy,projection,8,128,3,calibration,0.6235647981487998,0.6212591741320336,0.0020213413372707476,0.002305624016766261,1.140640610397528,0.14,66.25541259828447,65.40517015207595
projection_n8_ns128_init4.npy,projection,8,128,4,real,0.6379875331398764,0.6419898025806355,0.0026733897567073114,-0.004002269440759099,-1.4970766723100286,0.95,21.666590669854234,69.37269622176271
projection_n8_ns128_init4.npy,projection,8,128,4,calibration,0.6487385661635572,0.6413082728811833,0.002641156701307153,0.007430293282373879,2.813272411552295,0.0,69.3089125398499,68.27325352367076
projection_n8_ns64_init0.npy,projection,8,64,0,real,0.6485728560481184,0.6213492165242507,0.0012436949885307005,0.02722363952386775,21.889321557876276,0.0,12.056688170959513,19.37751194877913
projection_n8_ns64_init0.npy,projection,8,64,0,calibration,0.6215095626083902,0.6215106458920701,0.0013859771645174873,-1.0832836798702061e-06,-0.0007816028341616577,0.49,19.40341355012088,19.41117327312113
projection_n8_ns64_init1.npy,projection,8,64,1,real,0.6608714457484053,0.6284043257180398,0.0012778273510378976,0.03246712003036545,25.40806471546761,0.0,10.279799071307414,17.928706456268955
projection_n8_ns64_init1.npy,projection,8,64,1,calibration,0.6302860888599965,0.6282469859663928,0.0012864426786807753,0.0020391028936036504,1.5850709304006574,0.06,17.970609362126204,18.01994380641257
projection_n8_ns64_init2.npy,projection,8,64,2,real,0.6359548515448314,0.6173318642667944,0.0012200511824702524,0.018622987278037018,15.264103297970523,0.0,14.705541796886989,21.33634567561574
projection_n8_ns64_init2.npy,projection,8,64,2,calibration,0.6187169154013664,0.6174739468754372,0.0012943959487356522,0.0012429685259292,0.9602691719974203,0.19,21.64391505627848,21.382873982294424
projection_n8_ns64_init3.npy,projection,8,64,3,real,0.6486859765338423,0.6273009326698639,0.0015288085367755884,0.021385043863978437,13.988045821016708,0.0,17.582410042620953,21.857106986851658
projection_n8_ns64_init3.npy,projection,8,64,3,calibration,0.6267688693245523,0.6270418066946277,0.0013851726881580048,-0.0002729373700753879,-0.19704212507852614,0.55,22.03053808625898,21.931175437702294
projection_n8_ns64_init4.npy,projection,8,64,4,real,0.628244377260702,0.6148564350693536,0.0012100086859447375,0.013387942191348423,11.064335609207243,0.0,17.456035339692132,26.11064233734593
projection_n8_ns64_init4.npy,projection,8,64,4,calibration,0.6126910874629062,0.6146615210858917,0.001241083724774565,-0.0019704336229854347,-1.5876717933299394,0.93,25.95383075593209,26.183087889530206
