source,file,task,n_ops,num_steps,n_steps,regime_end,frac_signal,floor,cos_legacy,cos_regime,conv_rate_legacy,conv_rate_regime,dlr_legacy,dlr_regime,settle_legacy
"trajectories/ (convergence.csv, homology.csv)",track_n48_ns64_init0.npy,track,48,64,63,18,0.2857142857142857,0.9984500637149182,-0.32055873201214835,0.19425445908860314,-0.06978405373282114,-0.1689720898926082,12.240180717418209,4.001457848826282,13
"trajectories/ (convergence.csv, homology.csv)",track_n48_ns64_init1.npy,track,48,64,63,17,0.2698412698412698,0.9922776795479983,-0.31359658512934,0.13747031329133402,-0.06809957372439034,-0.1736858712335828,11.940267253875218,3.6583460748009804,14
"trajectories/ (convergence.csv, homology.csv)",track_n48_ns64_init2.npy,track,48,64,63,18,0.2857142857142857,1.013910625731859,-0.3160775785468619,0.2524566471390313,-0.06768827760370291,-0.1655337844316946,12.066815091656947,3.9046646300567693,13
"trajectories/ (convergence.csv, homology.csv)",local_n48_ns64_init0.npy,local,48,64,63,26,0.4126984126984127,1.0517440731591547,-0.22164140945559085,0.41761545446973863,-0.07118153868650663,-0.10210970824780359,11.470487243522655,5.322069075905595,13
"trajectories/ (convergence.csv, homology.csv)",local_n48_ns64_init1.npy,local,48,64,63,19,0.30158730158730157,1.1302817769479996,-0.17602941276857112,0.18162259403616646,-0.06358854441310535,-0.16241745506862357,11.67768136758023,4.108319596353068,13
"trajectories/ (convergence.csv, homology.csv)",local_n48_ns64_init2.npy,local,48,64,63,27,0.42857142857142855,1.1608346056557244,-0.08914245745876752,0.3982269730553659,-0.06785134908682677,-0.09801080518349486,11.110760061859041,5.319416794208127,14
"trajectories/ (convergence.csv, homology.csv)",track_n4_ns64_init0.npy,track,4,64,63,16,0.25396825396825395,1.076785045687552,-0.3375516125364207,0.08714798768873494,-0.06784074713444131,-0.19833267011070477,12.931108400009443,3.767584506980725,12
"trajectories/ (convergence.csv, homology.csv)",track_n4_ns64_init1.npy,track,4,64,63,17,0.2698412698412698,1.027020352378426,-0.3416526356170699,0.17183362191143872,-0.07111868551486564,-0.186631991242786,12.81954517561053,3.9611872475534233,13
"trajectories/ (convergence.csv, homology.csv)",track_n4_ns64_init2.npy,track,4,64,63,17,0.2698412698412698,0.9733424149403982,-0.3657616873890549,0.12518968843252434,-0.07390716654912406,-0.18639901113636603,11.822795749974295,3.5873577677849293,13
"trajectories/ (convergence.csv, homology.csv)",track_n48_ns16_init0.npy,track,48,16,15,8,0.5333333333333333,5.936057698500483,0.2449641532422943,0.03667786508059606,-0.18254402666302666,-0.19150366709749303,3.4095839075939094,2.153143505529577,13
"trajectories/ (convergence.csv, homology.csv)",track_n48_ns16_init1.npy,track,48,16,15,8,0.5333333333333333,6.772149304381975,0.18482713794647718,0.03220506528936217,-0.1764057770878443,-0.1887073256406549,3.2806823583876024,2.1691305431218844,14
"trajectories/ (convergence.csv, homology.csv)",track_n48_ns16_init2.npy,track,48,16,15,8,0.5333333333333333,6.448757426268497,0.35181903280011,0.030612588076900486,-0.17097915685360984,-0.18375682003261135,3.334862907289737,2.1512434163096055,13
"trajectories/ (convergence.csv, homology.csv)",track_n24_ns16_init0.npy,track,24,16,15,7,0.4666666666666667,6.4915093622549405,0.2950313050869641,0.026565830372046503,-0.1778083299710726,-0.22162541888795187,3.490690321054888,2.0293218672878144,13
"trajectories/ (convergence.csv, homology.csv)",track_n24_ns16_init1.npy,track,24,16,15,8,0.5333333333333333,5.761217238312166,0.21371854330094558,-0.054566663581146146,-0.1816069973611532,-0.206846659138503,3.4630171681208655,2.1406012282335984,12
"trajectories/ (convergence.csv, homology.csv)",track_n24_ns16_init2.npy,track,24,16,15,8,0.5333333333333333,6.212804849946592,0.25772271003830743,-0.07217101847813448,-0.17640185552965587,-0.19541788456908454,3.198215394083213,2.0338341202592183,13
results/trajectories/ (no matching CSV),count_ones_n16_ns128_init0.npy,count_ones,16,128,127,21,0.16535433070866143,1.0036876243060944,-0.2996381489061698,0.24945321350994315,-0.023564252966721013,-0.14268625997423814,20.753993108644625,4.314644433120731,14
results/trajectories/ (no matching CSV),count_ones_n16_ns128_init1.npy,count_ones,16,128,127,20,0.15748031496062992,1.0823192047588819,-0.3559868187907955,0.1588146760198847,-0.02215569107602274,-0.15021724952107457,19.607302427048605,3.9060145193429037,15
results/trajectories/ (no matching CSV),count_ones_n16_ns128_init2.npy,count_ones,16,128,127,20,0.15748031496062992,1.031470191906095,-0.3118770715528499,0.11926163206057695,-0.020438585601273106,-0.16356001295224176,21.251306217995857,4.231436343284837,15
results/trajectories/ (no matching CSV),count_ones_n16_ns128_init3.npy,count_ones,16,128,127,19,0.14960629921259844,1.0697196196997159,-0.3322126355678634,0.09500921277568422,-0.021466710917352097,-0.16369941210162398,20.451215234440973,3.8966701608246153,14
results/trajectories/ (no matching CSV),count_ones_n16_ns128_init4.npy,count_ones,16,128,127,19,0.14960629921259844,1.1547767064794017,-0.3558123179228212,0.14967846576428206,-0.020729955690127137,-0.14974293212761475,19.300949188259022,3.688884088659999,16
results/trajectories/ (no matching CSV),count_ones_n16_ns64_init0.npy,count_ones,16,64,63,20,0.31746031746031744,1.1064880145455085,-0.32470247464782187,0.4153341930277686,-0.07583317478032275,-0.14257100356593502,12.2127370607871,4.4167359108855555,16
results/trajectories/ (no matching CSV),count_ones_n16_ns64_init1.npy,count_ones,16,64,63,21,0.3333333333333333,1.029520398107265,-0.33907972216682397,0.4374876670301033,-0.08013701462448856,-0.12863783176330676,12.238231310787608,4.577755332367586,17
results/trajectories/ (no matching CSV),count_ones_n16_ns64_init2.npy,count_ones,16,64,63,21,0.3333333333333333,1.0667187309931725,-0.3134859747631949,0.44605067889821914,-0.07899582159299649,-0.12078308328924087,11.994521092653931,4.506789448964127,17
results/trajectories/ (no matching CSV),count_ones_n16_ns64_init3.npy,count_ones,16,64,63,22,0.3492063492063492,1.1029488610340032,-0.38626274989398063,0.46517917171350753,-0.08219845246941232,-0.11928820192277485,12.00016767141992,4.69903696181492,17
results/trajectories/ (no matching CSV),count_ones_n16_ns64_init4.npy,count_ones,16,64,63,21,0.3333333333333333,1.0454633548954424,-0.27557996763511067,0.44935748655492463,-0.07728508208309132,-0.12756801133880052,12.100405430551548,4.56572920056171,17
results/trajectories/ (no matching CSV),count_ones_n24_ns128_init0.npy,count_ones,24,128,127,19,0.14960629921259844,0.9351549046124639,-0.30691212135262325,0.15023425725004905,-0.023653891602094797,-0.17715286058793206,20.924410445783394,3.9034703934709283,13
results/trajectories/ (no matching CSV),count_ones_n24_ns128_init1.npy,count_ones,24,128,127,20,0.15748031496062992,1.0540363309938987,-0.3019075414041019,0.16754207048749212,-0.022766290003925722,-0.14232994646872565,19.205409515738324,3.773440050213196,15
results/trajectories/ (no matching CSV),count_ones_n24_ns128_init2.npy,count_ones,24,128,127,24,0.1889763779527559,1.0965997385689212,-0.30899394794237994,0.06740634416008195,-0.02173003970457784,-0.1431783967372722,18.760013157836795,4.39539921047655,16
results/trajectories/ (no matching CSV),count_ones_n24_ns128_init3.npy,count_ones,24,128,127,20,0.15748031496062992,1.077417912819885,-0.36515037041753773,0.07678233468482684,-0.021849802610568046,-0.15737394525162143,19.822448810378482,3.9420847220435355,13
results/trajectories/ (no matching CSV),count_ones_n24_ns128_init4.npy,count_ones,24,128,127,20,0.15748031496062992,0.9983828183362864,-0.3180878858753839,0.12683204004002144,-0.022186882389901904,-0.1479053735812868,19.432728248743153,3.822845589222235,16
results/trajectories/ (no matching CSV),count_ones_n24_ns64_init0.npy,count_ones,24,64,63,19,0.30158730158730157,1.2040177835425825,-0.28533738014389404,0.43308136527698976,-0.07578444373116021,-0.13645155277791846,12.979927454643327,4.501866087279295,16
results/trajectories/ (no matching CSV),count_ones_n24_ns64_init1.npy,count_ones,24,64,63,22,0.3492063492063492,1.0818742059775286,-0.28473435042201484,0.4655178196481974,-0.08166636642985024,-0.11761619649294801,12.590718557722811,4.96074381054329,17
results/trajectories/ (no matching CSV),count_ones_n24_ns64_init2.npy,count_ones,24,64,63,22,0.3492063492063492,1.0787591669603467,-0.32399372469750826,0.45602393229565924,-0.08233185587125308,-0.1168094846307605,12.50606019452832,4.924340095829353,17
results/trajectories/ (no matching CSV),count_ones_n24_ns64_init3.npy,count_ones,24,64,63,22,0.3492063492063492,1.0769645503098852,-0.336344995664872,0.4485300202696988,-0.08244710027853838,-0.12027926996774894,12.60419147926937,4.958765841849387,16
results/trajectories/ (no matching CSV),count_ones_n24_ns64_init4.npy,count_ones,24,64,63,21,0.3333333333333333,1.0800432765768555,-0.28755585375340215,0.46270340234604024,-0.07985919225180053,-0.11779469368978447,12.686659145807456,4.810455335761425,17
results/trajectories/ (no matching CSV),count_ones_n2_ns128_init0.npy,count_ones,2,128,127,15,0.11811023622047244,1.076470345117854,-0.37027630186303984,0.12620524803529926,-0.01655632349684206,-0.1876721432230449,23.101433591391462,3.854563599607363,10
results/trajectories/ (no matching CSV),count_ones_n2_ns128_init1.npy,count_ones,2,128,127,14,0.11023622047244094,1.0755823649744263,-0.3636527088692166,0.01052441676895733,-0.01617272400538143,-0.22832607445862946,23.248755220221376,3.656126070806821,11
results/trajectories/ (no matching CSV),count_ones_n2_ns128_init2.npy,count_ones,2,128,127,14,0.11023622047244094,1.0755823649744263,-0.3636527088692166,0.01052441676895733,-0.01617272400538143,-0.22832607445862946,23.248755220221376,3.656126070806821,11
results/trajectories/ (no matching CSV),count_ones_n2_ns128_init3.npy,count_ones,2,128,127,14,0.11023622047244094,1.0755823649744263,-0.3636527088692166,0.01052441676895733,-0.01617272400538143,-0.22832607445862946,23.248755220221376,3.656126070806821,11
results/trajectories/ (no matching CSV),count_ones_n2_ns128_init4.npy,count_ones,2,128,127,14,0.11023622047244094,0.9699850904832441,-0.3351575733474438,0.18296601057238934,-0.015008515740457926,-0.24106671598316853,24.97910861021215,3.8667617337024276,9
results/trajectories/ (no matching CSV),count_ones_n2_ns64_init0.npy,count_ones,2,64,63,16,0.25396825396825395,1.0872579437972452,-0.3781654832785459,0.2528898270464876,-0.0653862957940873,-0.20135383182406888,13.201471320702119,3.8933085336677795,13
results/trajectories/ (no matching CSV),count_ones_n2_ns64_init1.npy,count_ones,2,64,63,16,0.25396825396825395,1.0500536931886857,-0.32000655687111607,0.32366714501518495,-0.0668017862350326,-0.2004447376613184,13.587874883835743,4.041310887741931,12
results/trajectories/ (no matching CSV),count_ones_n2_ns64_init2.npy,count_ones,2,64,63,16,0.25396825396825395,1.0500536931886857,-0.32000655687111607,0.32366714501518495,-0.0668017862350326,-0.2004447376613184,13.587874883835743,4.041310887741931,12
results/trajectories/ (no matching CSV),count_ones_n2_ns64_init3.npy,count_ones,2,64,63,16,0.25396825396825395,1.0500536931886857,-0.32000655687111607,0.32366714501518495,-0.0668017862350326,-0.2004447376613184,13.587874883835743,4.041310887741931,12
results/trajectories/ (no matching CSV),count_ones_n2_ns64_init4.npy,count_ones,2,64,63,16,0.25396825396825395,1.054079187143894,-0.3492489470435186,0.28106147127769376,-0.06717941193280401,-0.20450962653165966,13.470970853784632,3.9450561725698146,12
results/trajectories/ (no matching CSV),count_ones_n32_ns128_init0.npy,count_ones,32,128,127,19,0.14960629921259844,0.9969468832347009,-0.2576766222609617,0.16707340036833707,-0.02324003034090494,-0.1628964658118696,19.76269644787328,3.6606567755067294,15
results/trajectories/ (no matching CSV),count_ones_n32_ns128_init1.npy,count_ones,32,128,127,20,0.15748031496062992,1.0626471880223471,-0.3708706797863337,0.05147813541623117,-0.022384009952017284,-0.16199945220014322,19.439549921108963,3.8456879342560684,15
results/trajectories/ (no matching CSV),count_ones_n32_ns128_init2.npy,count_ones,32,128,127,22,0.1732283464566929,1.0686667712213216,-0.31677085702426605,0.09529122131960892,-0.022973053187782262,-0.14707968854950784,18.274429075150877,3.914378370482647,15
results/trajectories/ (no matching CSV),count_ones_n32_ns128_init3.npy,count_ones,32,128,127,20,0.15748031496062992,1.046122589088671,-0.34096552871636837,0.14492313716066257,-0.021365907036290762,-0.15910458602462138,19.588977266273773,3.867546199367165,14
results/trajectories/ (no matching CSV),count_ones_n32_ns128_init4.npy,count_ones,32,128,127,21,0.16535433070866143,1.0369611179139335,-0.32012048288991296,0.12272971612619461,-0.02469373136491032,-0.14068310691919905,18.935021712713116,3.890024688558946,16
results/trajectories/ (no matching CSV),count_ones_n32_ns64_init0.npy,count_ones,32,64,63,21,0.3333333333333333,1.0590475973442226,-0.3454894454652866,0.4352484681136751,-0.08041729037878007,-0.12188564830860234,12.224763448469638,4.621997775561176,16
results/trajectories/ (no matching CSV),count_ones_n32_ns64_init1.npy,count_ones,32,64,63,23,0.36507936507936506,1.0841119641006336,-0.3140296963162907,0.4823072900516589,-0.08458798699458349,-0.10273423038724722,12.0073905143288,4.897647977544299,18
results/trajectories/ (no matching CSV),count_ones_n32_ns64_init2.npy,count_ones,32,64,63,24,0.38095238095238093,1.0569466195023758,-0.2715814726860933,0.4738975136284024,-0.08384116281075475,-0.10282947898094243,11.948146925696653,5.062724848953028,17
results/trajectories/ (no matching CSV),count_ones_n32_ns64_init3.npy,count_ones,32,64,63,25,0.3968253968253968,1.0243625788165787,-0.2598964335445831,0.49951071039720873,-0.08574282805308163,-0.10047963743603501,11.809960650457292,5.185831870480785,18
results/trajectories/ (no matching CSV),count_ones_n32_ns64_init4.npy,count_ones,32,64,63,23,0.36507936507936506,1.0692791945023845,-0.31039471785030914,0.4731905021681269,-0.08287231386897141,-0.10418771690712007,11.933240551652856,4.865287952389171,18
results/trajectories/ (no matching CSV),count_ones_n48_ns128_init0.npy,count_ones,48,128,127,20,0.15748031496062992,0.915516767218215,-0.29101911538846686,0.16215991663297447,-0.024841924019143546,-0.1590769246809761,19.622948780983034,3.7668377218028075,14
results/trajectories/ (no matching CSV),count_ones_n48_ns128_init1.npy,count_ones,48,128,127,24,0.1889763779527559,1.0085402350946242,-0.3360941297715833,0.21008043581624178,-0.03091013791736926,-0.11711547859349183,17.67927279793882,4.03682689668633,17
results/trajectories/ (no matching CSV),count_ones_n48_ns128_init2.npy,count_ones,48,128,127,24,0.1889763779527559,1.1158888315891258,-0.3532117835114932,0.16177889483547936,-0.02456303968578814,-0.12421055100494921,19.16893661529237,4.518374716338768,16
results/trajectories/ (no matching CSV),count_ones_n48_ns128_init3.npy,count_ones,48,128,127,22,0.1732283464566929,1.1598934339390066,-0.3497216928583383,0.152092229112196,-0.025061751322529077,-0.132793462135317,16.875476400680846,3.6651844207849447,18
results/trajectories/ (no matching CSV),count_ones_n48_ns128_init4.npy,count_ones,48,128,127,23,0.18110236220472442,0.9724034832367202,-0.2689792999007492,0.13050265682671822,-0.025719750360102548,-0.13388432979017437,18.644148744748904,4.156219201629449,16
results/trajectories/ (no matching CSV),count_ones_n4_ns128_init0.npy,count_ones,4,128,127,16,0.12598425196850394,1.0242846666503038,-0.335466008724976,0.18580835598492879,-0.017735110917231026,-0.20995720707977614,24.017212108445957,4.05804338185824,12
results/trajectories/ (no matching CSV),count_ones_n4_ns128_init1.npy,count_ones,4,128,127,14,0.11023622047244094,1.093709667593865,-0.3501359711051731,0.14961793479878946,-0.016802102585813484,-0.22753592368324815,23.522052314626727,3.5847297840041037,11
results/trajectories/ (no matching CSV),count_ones_n4_ns128_init2.npy,count_ones,4,128,127,15,0.11811023622047244,1.0479030796167346,-0.34462240556729623,0.1874375354410711,-0.017017575828821997,-0.21754230702518573,24.849492714661107,4.062731860648929,11
results/trajectories/ (no matching CSV),count_ones_n4_ns128_init3.npy,count_ones,4,128,127,16,0.12598425196850394,1.0980852555740117,-0.3415620675970208,0.2781347404246868,-0.018240651610325898,-0.18906051504262972,23.410721734081303,4.035281562903175,12
results/trajectories/ (no matching CSV),count_ones_n4_ns128_init4.npy,count_ones,4,128,127,15,0.11811023622047244,1.0243931224860356,-0.31340217288401134,0.16200724724616491,-0.017521828442336497,-0.2113159247913199,23.857172276775874,3.8242614042289453,12
results/trajectories/ (no matching CSV),count_ones_n4_ns64_init0.npy,count_ones,4,64,63,16,0.25396825396825395,1.0233586817659397,-0.366545872247206,0.19092255447786177,-0.06467221219212903,-0.20123114943590878,13.159310903849066,3.865304882368426,13
results/trajectories/ (no matching CSV),count_ones_n4_ns64_init1.npy,count_ones,4,64,63,17,0.2698412698412698,1.1139902452022767,-0.3795785493204726,0.28513041080934365,-0.06652175226800833,-0.1887772890153995,13.31480265305945,4.1534243734189715,13
results/trajectories/ (no matching CSV),count_ones_n4_ns64_init2.npy,count_ones,4,64,63,16,0.25396825396825395,1.0413813715926898,-0.34840760731154147,0.2898162940549855,-0.06746641068971965,-0.2004453470248492,13.497525576468172,3.987470326012245,13
results/trajectories/ (no matching CSV),count_ones_n4_ns64_init3.npy,count_ones,4,64,63,16,0.25396825396825395,1.058301983958516,-0.3222686998673961,0.30800939089540447,-0.06643441650618018,-0.19468769716541737,13.640547325709903,4.021521631347266,13
results/trajectories/ (no matching CSV),count_ones_n4_ns64_init4.npy,count_ones,4,64,63,16,0.25396825396825395,1.1003312846523368,-0.2829741150411705,0.24898426544857494,-0.06719066126942463,-0.19226721147992473,13.324800789172537,3.931990711011996,13
results/trajectories/ (no matching CSV),count_ones_n64_ns128_init0.npy,count_ones,64,128,127,21,0.16535433070866143,1.0019562328966756,-0.2745431470148455,0.11320701291278505,-0.026581023491777045,-0.14615453916437013,18.327494434472516,3.6922350048146697,16
results/trajectories/ (no matching CSV),count_ones_n64_ns128_init1.npy,count_ones,64,128,127,24,0.1889763779527559,0.9635633940305319,-0.2767500912415954,0.13284394398279306,-0.027904275446591468,-0.1280278745501576,18.379566408471423,4.183553160992153,17
results/trajectories/ (no matching CSV),count_ones_n64_ns128_init2.npy,count_ones,64,128,127,25,0.1968503937007874,1.0573005932610469,-0.26698986797181395,0.1254396180342415,-0.02512168180175138,-0.1274084472091552,17.911354849123835,4.281552612107624,18
results/trajectories/ (no matching CSV),count_ones_n64_ns128_init3.npy,count_ones,64,128,127,28,0.2204724409448819,1.095076413665788,-0.23724696680442373,0.28444336077954113,-0.028423466829402666,-0.0899426398906478,16.992234253148684,4.544673589187072,19
results/trajectories/ (no matching CSV),count_ones_n64_ns128_init4.npy,count_ones,64,128,127,24,0.1889763779527559,1.0816828692942337,-0.34809631076433706,0.14130492747738374,-0.02592505376778979,-0.11817576266855961,17.984513414420643,4.1914646601737084,18
results/trajectories/ (no matching CSV),count_ones_n8_ns128_init0.npy,count_ones,8,128,127,17,0.13385826771653545,1.0224696328545353,-0.29376817725596194,0.1609574800054874,-0.02095756380320021,-0.1922757780283377,24.30215113877882,4.32120498001747,11
results/trajectories/ (no matching CSV),count_ones_n8_ns128_init1.npy,count_ones,8,128,127,16,0.12598425196850394,1.1065544954307998,-0.3115442484983805,0.11553721188881115,-0.018231478721013772,-0.19352606337350395,22.837984872482362,3.8772346320056594,12
results/trajectories/ (no matching CSV),count_ones_n8_ns128_init2.npy,count_ones,8,128,127,16,0.12598425196850394,1.0699465725330406,-0.30408523702508605,0.09537280681573738,-0.018629482256120627,-0.2032109638406256,22.119984510360712,3.6684559385387363,12
results/trajectories/ (no matching CSV),count_ones_n8_ns128_init3.npy,count_ones,8,128,127,16,0.12598425196850394,1.215538272761988,-0.37978735687275755,0.13525174583891716,-0.018457665076451336,-0.18946723770596213,21.115024816545912,3.556047739232908,13
results/trajectories/ (no matching CSV),count_ones_n8_ns128_init4.npy,count_ones,8,128,127,17,0.13385826771653545,1.0241759238675359,-0.2654105458944126,0.19319560724333476,-0.019136728757138347,-0.1923352652302353,21.66191472009621,3.757475278191859,12
results/trajectories/ (no matching CSV),count_ones_n8_ns64_init0.npy,count_ones,8,64,63,17,0.2698412698412698,1.086346175011049,-0.3718317829443838,0.18840076724179178,-0.06910897085630993,-0.18218300898053036,12.905392796439951,4.020545050984813,13
results/trajectories/ (no matching CSV),count_ones_n8_ns64_init1.npy,count_ones,8,64,63,18,0.2857142857142857,1.0111073271508433,-0.31822796333855924,0.3806891245491829,-0.07081302585389852,-0.16693468144003873,13.290645645984748,4.375103574685037,14
results/trajectories/ (no matching CSV),count_ones_n8_ns64_init2.npy,count_ones,8,64,63,19,0.30158730158730157,1.0303317447859224,-0.3220083989633771,0.4041771471148693,-0.07363396896026747,-0.15587042109826368,13.250690853577447,4.5867272183980585,14
results/trajectories/ (no matching CSV),count_ones_n8_ns64_init3.npy,count_ones,8,64,63,18,0.2857142857142857,1.0892396208761097,-0.3597399933354184,0.3942117946945243,-0.07179767188805787,-0.16380225243757565,13.250631939716934,4.394899806047701,14
results/trajectories/ (no matching CSV),count_ones_n8_ns64_init4.npy,count_ones,8,64,63,18,0.2857142857142857,1.0808549745935925,-0.3228842139095373,0.32685735616440603,-0.07021694728637276,-0.16596144845369654,13.200009588923354,4.338225681647631,14
results/trajectories/ (no matching CSV),projection_n16_ns128_init0.npy,projection,16,128,127,18,0.14173228346456693,1.065242368996005,-0.4093588061404142,0.08247468687101639,-0.021352756379804803,-0.17452328342113327,23.42954180382716,4.351835960348065,14
results/trajectories/ (no matching CSV),projection_n16_ns128_init1.npy,projection,16,128,127,26,0.2047244094488189,0.9980092026079871,-0.39274333149679963,-0.2802640320645863,-0.023976440297693996,-0.14219573353186596,22.798371597895652,5.897356562269488,13
results/trajectories/ (no matching CSV),projection_n16_ns128_init2.npy,projection,16,128,127,19,0.14960629921259844,1.027680771819051,-0.4673967477374981,0.05873090738405957,-0.021241002314390894,-0.18780668722039212,24.71124197462263,4.989985614587837,12
results/trajectories/ (no matching CSV),projection_n16_ns128_init3.npy,projection,16,128,127,22,0.1732283464566929,1.0253337234365154,-0.36043016711963477,-0.09831606915585629,-0.02144389214925163,-0.16827145334014348,23.960725895118337,5.328130615662605,13
results/trajectories/ (no matching CSV),projection_n16_ns128_init4.npy,projection,16,128,127,22,0.1732283464566929,1.0590869392892737,-0.3462874813274204,-0.10286620706164104,-0.02285407143683744,-0.15259813039054426,20.373148922207232,4.367836336118436,17
results/trajectories/ (no matching CSV),projection_n16_ns64_init0.npy,projection,16,64,63,22,0.3492063492063492,1.0290429189775014,-0.30349948394780535,0.3239852671675518,-0.06992407142099884,-0.15121224017885504,11.819496302364541,4.7093924485793295,14
results/trajectories/ (no matching CSV),projection_n16_ns64_init1.npy,projection,16,64,63,19,0.30158730158730157,1.0272516687158433,-0.35661341806792374,0.2847437776860927,-0.06896590384638447,-0.17777425210896486,12.557698247135312,4.300442284795775,13
results/trajectories/ (no matching CSV),projection_n16_ns64_init2.npy,projection,16,64,63,18,0.2857142857142857,0.9957083144681477,-0.33282739477004714,0.245785568674169,-0.06907818609221904,-0.186605255109276,12.325415994066944,3.9991362967849984,13
results/trajectories/ (no matching CSV),projection_n16_ns64_init3.npy,projection,16,64,63,19,0.30158730158730157,1.0973926523104682,-0.3144593338480863,0.2676490889171317,-0.06728821298609411,-0.17263306045089366,11.911858468935293,4.10819126995966,14
results/trajectories/ (no matching CSV),projection_n16_ns64_init4.npy,projection,16,64,63,18,0.2857142857142857,0.9888931428207198,-0.34185378841988157,0.2515147176862196,-0.06892601661780666,-0.18173542579660631,12.277134122419376,4.015255226285749,13
results/trajectories/ (no matching CSV),projection_n24_ns128_init0.npy,projection,24,128,127,26,0.2047244094488189,0.9525519590838626,-0.36605543612058367,-0.1339791521770065,-0.023706171641846078,-0.14715074777002451,22.378743860570484,5.771649575842389,13
results/trajectories/ (no matching CSV),projection_n24_ns128_init1.npy,projection,24,128,127,18,0.14173228346456693,1.130668768130707,-0.4047477631903173,0.18610777182234517,-0.023835335266313644,-0.16560406326175886,21.325853779018914,3.9412364946219505,14
results/trajectories/ (no matching CSV),projection_n24_ns128_init2.npy,projection,24,128,127,35,0.2755905511811024,1.0859167321656213,-0.4791264958645189,-0.44843559887171297,-0.023248934221950814,-0.11555844634344341,21.383462134274318,7.5024498399096755,13
results/trajectories/ (no matching CSV),projection_n24_ns128_init3.npy,projection,24,128,127,18,0.14173228346456693,1.1087005417001872,-0.4065132676115834,0.09538607490686724,-0.02171176184409069,-0.17840819311461292,23.285367149798386,4.429030535062475,13
results/trajectories/ (no matching CSV),projection_n24_ns128_init4.npy,projection,24,128,127,20,0.15748031496062992,1.0240433843235348,-0.40637695050483946,0.008049779584886787,-0.02208855882084902,-0.16688650571859998,22.009197081861473,4.456494599584819,15
results/trajectories/ (no matching CSV),projection_n24_ns64_init0.npy,projection,24,64,63,19,0.30158730158730157,0.990256184887017,-0.2862259328963295,0.301977718387884,-0.07021001314188324,-0.1692703176348247,12.276622959819314,4.242803721782341,13
results/trajectories/ (no matching CSV),projection_n24_ns64_init1.npy,projection,24,64,63,18,0.2857142857142857,1.0143710743803693,-0.311226726295033,0.2560878109648056,-0.06831981826244686,-0.17879107512500536,12.383496722266077,4.029894366485347,14
results/trajectories/ (no matching CSV),projection_n24_ns64_init2.npy,projection,24,64,63,18,0.2857142857142857,0.9868383542679929,-0.3496926349048268,0.2710617852829126,-0.06745891652051854,-0.18294737591277888,12.627589269326851,4.133375327729821,13
results/trajectories/ (no matching CSV),projection_n24_ns64_init3.npy,projection,24,64,63,19,0.30158730158730157,1.0118953347880437,-0.3511665433288247,0.26793828260334296,-0.06836463770368528,-0.17259618019392453,12.330792518755835,4.203772818213227,14
results/trajectories/ (no matching CSV),projection_n24_ns64_init4.npy,projection,24,64,63,18,0.2857142857142857,0.9816108241417184,-0.25085239668099685,0.2138743731501267,-0.06543277999799621,-0.18048299579291444,12.553095041482411,4.107037057415591,13
results/trajectories/ (no matching CSV),projection_n2_ns128_init0.npy,projection,2,128,127,17,0.13385826771653545,1.0553043528613597,-0.4129320832878497,0.1279978863432202,-0.019177551716946576,-0.19775094930803913,24.288194226624125,4.282716466776297,12
results/trajectories/ (no matching CSV),projection_n2_ns128_init1.npy,projection,2,128,127,16,0.12598425196850394,1.0209757023013994,-0.37074247783066544,0.02911552171693588,-0.018484637597581823,-0.20486304944061798,23.494422600196522,3.8634403023794217,12
results/trajectories/ (no matching CSV),projection_n2_ns128_init2.npy,projection,2,128,127,15,0.11811023622047244,1.096500622472212,-0.39206217199566984,0.02225212191447671,-0.01837659765100851,-0.2275346511622563,24.855120629717582,3.9671160768732054,12
results/trajectories/ (no matching CSV),projection_n2_ns128_init3.npy,projection,2,128,127,16,0.12598425196850394,1.0209757023013994,-0.37074247783066544,0.02911552171693588,-0.018484637597581823,-0.20486304944061798,23.494422600196522,3.8634403023794217,12
results/trajectories/ (no matching CSV),projection_n2_ns128_init4.npy,projection,2,128,127,17,0.13385826771653545,1.0335662417077145,-0.36090154293400273,0.09362395220992409,-0.019186487488091104,-0.19252087223616948,24.34369542482069,4.287086114609961,12
results/trajectories/ (no matching CSV),projection_n2_ns64_init0.npy,projection,2,64,63,18,0.2857142857142857,1.0095982633658862,-0.36665779006988186,0.29608012660690297,-0.07054284353585433,-0.17240937986073568,12.92904544536035,4.274181564355867,12
results/trajectories/ (no matching CSV),projection_n2_ns64_init1.npy,projection,2,64,63,17,0.2698412698412698,0.9846314211743324,-0.3974692992890131,0.2644660046977284,-0.07270674813282091,-0.180476149761205,12.659081997940941,3.93415280293566,12
results/trajectories/ (no matching CSV),projection_n2_ns64_init2.npy,projection,2,64,63,17,0.2698412698412698,0.9539890185409499,-0.3586333460029746,0.28631723731960856,-0.07134383299597666,-0.1904066431033267,13.21739797110341,4.121719149065742,12
results/trajectories/ (no matching CSV),projection_n2_ns64_init3.npy,projection,2,64,63,18,0.2857142857142857,0.9242496685297913,-0.3467732201857222,0.2356856333886179,-0.0752608282556098,-0.18100835998600545,12.807817331617395,4.218283787930878,12
results/trajectories/ (no matching CSV),projection_n2_ns64_init4.npy,projection,2,64,63,18,0.2857142857142857,0.9898886313758649,-0.34765233206840307,0.3026696685824557,-0.07076346594512414,-0.17222252372499336,12.81268740637726,4.170143518753485,12
results/trajectories/ (no matching CSV),projection_n32_ns128_init0.npy,projection,32,128,127,18,0.14173228346456693,1.259391614674966,-0.4634374004909325,0.13870411118948586,-0.023128350515595007,-0.1817705207226106,22.785425716811023,4.479627342799585,13
results/trajectories/ (no matching CSV),projection_n32_ns128_init1.npy,projection,32,128,127,20,0.15748031496062992,1.1519686904073012,-0.46476322107120643,0.05161582695870239,-0.022563868102792553,-0.16314633748607663,21.771696829569184,4.490449114703575,15
results/trajectories/ (no matching CSV),projection_n32_ns128_init2.npy,projection,32,128,127,12,0.09448818897637795,2.7281027852296424,-0.9306619776481768,0.050738050274494954,-0.017089042967743055,-0.21428752025404726,16.820021048013885,3.303512990877588,13
results/trajectories/ (no matching CSV),projection_n32_ns128_init3.npy,projection,32,128,127,19,0.14960629921259844,1.0919508900432937,-0.44969003817215303,0.11777044341571659,-0.024267039893112997,-0.16478646452105677,23.481540270197957,4.696518650783835,13
results/trajectories/ (no matching CSV),projection_n32_ns128_init4.npy,projection,32,128,127,23,0.18110236220472442,1.0640364379262612,-0.3773902437751047,0.14329538986899615,-0.026375878602056865,-0.14983818203559945,20.85564283498083,4.784769368536869,15
results/trajectories/ (no matching CSV),projection_n32_ns64_init0.npy,projection,32,64,63,21,0.3333333333333333,1.0236760082904177,-0.29218339018094336,0.24471363707631927,-0.07178593809659994,-0.15016797286435385,10.67052943200207,3.9675723279179613,13
results/trajectories/ (no matching CSV),projection_n32_ns64_init1.npy,projection,32,64,63,18,0.2857142857142857,0.9829489814173085,-0.34613899397547243,0.19123184808875338,-0.07035126479975964,-0.18260004407793698,10.86907182993439,3.488718617957332,14
results/trajectories/ (no matching CSV),projection_n32_ns64_init2.npy,projection,32,64,63,18,0.2857142857142857,1.0364141047362478,-0.4183765750812058,0.19489594393916018,-0.06893697275213416,-0.179910208794297,10.882090647529795,3.48860024140355,14
results/trajectories/ (no matching CSV),projection_n32_ns64_init3.npy,projection,32,64,63,20,0.31746031746031744,0.9363937123455949,-0.3494483491191999,0.26055583546894706,-0.07035526809509754,-0.16338942261752665,10.961780653500961,3.856704124464802,15
results/trajectories/ (no matching CSV),projection_n32_ns64_init4.npy,projection,32,64,63,18,0.2857142857142857,0.9876202929449794,-0.3434588650372683,0.21960785263653232,-0.0692605983522231,-0.1686708990230711,11.037727291385329,3.553416908883631,14
results/trajectories/ (no matching CSV),projection_n48_ns128_init0.npy,projection,48,128,127,20,0.15748031496062992,1.0845442452111238,-0.3250348220958668,0.12254664410731544,-0.02500215688858858,-0.15599616995399135,22.49406997086756,4.585756553250544,15
results/trajectories/ (no matching CSV),projection_n48_ns128_init1.npy,projection,48,128,127,18,0.14173228346456693,1.0314243818147013,-0.3737971403807839,0.21987774815415606,-0.0243600763779374,-0.17937812867490194,24.320837038985484,4.541493125222837,13
results/trajectories/ (no matching CSV),projection_n48_ns128_init2.npy,projection,48,128,127,19,0.14960629921259844,1.0267685497653873,-0.3826673555522656,0.2025640863681829,-0.021607789917140643,-0.180967708284715,22.713400859407837,4.361713748702473,14
results/trajectories/ (no matching CSV),projection_n48_ns128_init3.npy,projection,48,128,127,18,0.14173228346456693,1.159230376300706,-0.46110744265796916,0.06256675730031089,-0.024849018166379508,-0.1711371224791854,23.18145202632676,4.42649209742263,14
results/trajectories/ (no matching CSV),projection_n48_ns128_init4.npy,projection,48,128,127,23,0.18110236220472442,1.0151856429858008,-0.3685840601961802,0.19636015893475622,-0.023548535586397416,-0.14352857448368522,23.088383149304295,5.254489488278379,15
results/trajectories/ (no matching CSV),projection_n4_ns128_init0.npy,projection,4,128,127,17,0.13385826771653545,1.0061545473112876,-0.38387190169018054,0.10174405173169203,-0.019064398112004267,-0.2082561982046759,24.60906727058945,4.314921361637974,12
results/trajectories/ (no matching CSV),projection_n4_ns128_init1.npy,projection,4,128,127,17,0.13385826771653545,1.0848706554006322,-0.4080456421500959,0.02768881767918377,-0.019848261574556745,-0.20172999641060418,22.658882066440523,3.9542756981931317,13
results/trajectories/ (no matching CSV),projection_n4_ns128_init2.npy,projection,4,128,127,18,0.14173228346456693,1.0098691240260982,-0.3677811724541035,0.11092823522383709,-0.018640009357479278,-0.19786151695699264,23.586851468269415,4.318253486671014,12
results/trajectories/ (no matching CSV),projection_n4_ns128_init3.npy,projection,4,128,127,17,0.13385826771653545,0.9761900626417238,-0.39729977590336474,0.10720916613392956,-0.020279584790002147,-0.215409047566774,23.684176758463508,4.037835616248873,12
results/trajectories/ (no matching CSV),projection_n4_ns128_init4.npy,projection,4,128,127,16,0.12598425196850394,1.1920091161493487,-0.4426670366415477,-0.012726380591522406,-0.019100493132590324,-0.21495199620836508,23.069105213670714,3.8362722809202547,12
results/trajectories/ (no matching CSV),projection_n4_ns64_init0.npy,projection,4,64,63,18,0.2857142857142857,1.0741176342583858,-0.30491523566157963,0.24262179444360477,-0.07442480138709047,-0.17455834087019262,12.83660838820958,4.287586096050514,13
results/trajectories/ (no matching CSV),projection_n4_ns64_init1.npy,projection,4,64,63,17,0.2698412698412698,0.9360313678805581,-0.3478878856503218,0.2533894640419355,-0.06899705392365593,-0.19398158649199806,13.112131181253176,4.076052417357885,11
results/trajectories/ (no matching CSV),projection_n4_ns64_init2.npy,projection,4,64,63,18,0.2857142857142857,0.9719944973502599,-0.35195832600489096,0.30880013612071056,-0.07067134623996067,-0.18341584197312966,12.815804766362525,4.201977011857448,14
results/trajectories/ (no matching CSV),projection_n4_ns64_init3.npy,projection,4,64,63,20,0.31746031746031744,1.0328200206957536,-0.368022164900236,0.26766614841563047,-0.07059170031908149,-0.1666522765465749,12.803523288303838,4.633666958006145,11
results/trajectories/ (no matching CSV),projection_n4_ns64_init4.npy,projection,4,64,63,17,0.2698412698412698,0.9309371785037152,-0.336758434264628,0.2433808676140759,-0.07110135185651607,-0.19537870245283906,13.221759896507624,4.09406183224524,11
results/trajectories/ (no matching CSV),projection_n64_ns128_init0.npy,projection,64,128,127,22,0.1732283464566929,1.1188164476325,-0.38743766251996414,0.23613914779222162,-0.025180434063512617,-0.12352643729473017,22.783340559938747,5.198545102987421,15
results/trajectories/ (no matching CSV),projection_n64_ns128_init1.npy,projection,64,128,127,20,0.15748031496062992,1.0711378826087652,-0.43491021567882576,0.19313216802454444,-0.02597971507557882,-0.1591351321816575,22.910167370431484,4.70475705810625,13
results/trajectories/ (no matching CSV),projection_n64_ns128_init2.npy,projection,64,128,127,18,0.14173228346456693,1.0067889093360276,-0.3546750601135925,0.2673597770254251,-0.022066038337740786,-0.17837659908556827,23.53402624133257,4.33427516807436,13
results/trajectories/ (no matching CSV),projection_n64_ns128_init3.npy,projection,64,128,127,20,0.15748031496062992,1.0390514865620175,-0.3855849866837053,0.19383199317448224,-0.026478044503966576,-0.15288664898706752,23.3454396063593,4.821055326049655,14
results/trajectories/ (no matching CSV),projection_n64_ns128_init4.npy,projection,64,128,127,22,0.1732283464566929,1.0797276966522793,-0.42586277607598705,0.1452404097689772,-0.025946465692679183,-0.14197481077274435,21.65433876794272,4.7755884343640975,16
results/trajectories/ (no matching CSV),projection_n8_ns128_init0.npy,projection,8,128,127,18,0.14173228346456693,1.0263735565286014,-0.3923768107290884,-0.09182730238145688,-0.022069169592785983,-0.19285230433510578,24.11348234113803,4.408629406181397,13
results/trajectories/ (no matching CSV),projection_n8_ns128_init1.npy,projection,8,128,127,25,0.1968503937007874,0.9520508438920401,-0.3617431594949383,-0.24857761392831215,-0.021558172906270937,-0.14537262605045947,23.058660014089206,5.696580045833421,13
results/trajectories/ (no matching CSV),projection_n8_ns128_init2.npy,projection,8,128,127,20,0.15748031496062992,1.0311457241347863,-0.4219657289668651,0.015501224127178602,-0.01896297011485721,-0.18516723658999648,23.990169740552897,4.935466591330851,13
results/trajectories/ (no matching CSV),projection_n8_ns128_init3.npy,projection,8,128,127,20,0.15748031496062992,1.048526569617845,-0.4211635137163457,0.01400766218865072,-0.021868622198422085,-0.17860984194110457,23.731245012998443,4.93644097937422,13
results/trajectories/ (no matching CSV),projection_n8_ns128_init4.npy,projection,8,128,127,21,0.16535433070866143,1.03928406465504,-0.3993752232497882,-0.19179131588289683,-0.020495389462407802,-0.15599142254447607,22.043996749851075,4.603355112498664,16
results/trajectories/ (no matching CSV),projection_n8_ns64_init0.npy,projection,8,64,63,20,0.31746031746031744,1.002457548817228,-0.3372750056481639,0.24915837027790552,-0.07121974148647138,-0.16079040821202137,11.799076492296138,4.253873166380657,15
results/trajectories/ (no matching CSV),projection_n8_ns64_init1.npy,projection,8,64,63,18,0.2857142857142857,0.982605803048787,-0.3230503787120866,0.24365783068244096,-0.07042008157413655,-0.18899107591044195,12.385961788352384,4.0736210589995165,12
results/trajectories/ (no matching CSV),projection_n8_ns64_init2.npy,projection,8,64,63,17,0.2698412698412698,0.9635992506386303,-0.38349117974521735,0.192210547096231,-0.06999891964816066,-0.1843376751670886,12.127452066483142,3.7518423171423,13
results/trajectories/ (no matching CSV),projection_n8_ns64_init3.npy,projection,8,64,63,21,0.3333333333333333,1.0057780653070278,-0.3405248574945558,0.2935135764890146,-0.07075718535258611,-0.15222974182971857,11.871764327798331,4.509865751213689,12
results/trajectories/ (no matching CSV),projection_n8_ns64_init4.npy,projection,8,64,63,20,0.31746031746031744,0.9762423229018939,-0.29873915118079175,0.23276601654664453,-0.06914651717395724,-0.16962111466258306,11.633873982841873,4.160763400501816,15
