name,kind,seed,n_symbols,offset,register_r,pair_00,pair_01,pair_10,pair_11,pair_((,pair_(),pair_)(,pair_))
a_seed0,a,0,64,4,0.2533970175874142,-22.61620529102561,-7.395589132691571,19.287991736989774,34.02524821550797,,,,
a_seed1,a,1,64,4,0.11865166937882579,-27.779362245049114,-15.87677322995302,20.284306054189706,18.80271843707946,,,,
a_seed2,a,2,64,4,0.24296623977071496,-23.835033901559747,-5.352425818902985,32.57889739373624,16.62546816827662,,,,
a_seed3,a,3,64,4,0.18785812365360496,-15.845791908798644,-6.634384906192083,15.416048751044668,36.60198823154051,,,,
a_seed4,a,4,64,4,0.22244785099861678,-18.36694990627604,-18.153002021602273,10.674125171255717,25.007528888056182,,,,
a_seed5,a,5,64,4,0.3386847758302367,-25.372362810721732,-12.573121650982552,12.777930191820456,25.025527647282054,,,,
a_seed6,a,6,64,4,0.22675958437876267,-27.697843732050295,-5.972296787035556,16.754877074764863,21.983075587901666,,,,
a_seed7,a,7,64,4,0.20522349062097542,-25.720569267165146,-16.181410930561036,8.301748572324838,26.055223847347328,,,,
a_seed8,a,8,64,4,0.1835475042763569,-20.709423120045404,-14.654166312753935,6.242115852673005,26.603905053517682,,,,
a_seed9,a,9,64,4,0.30252640612836107,-33.92932188674716,-14.566512733049152,9.675060350394668,22.64299647278866,,,,
a_seed10,a,10,64,4,0.305221679473666,-28.049776385825275,-13.472279747122975,12.958829860331527,26.944291337774363,,,,
a_seed11,a,11,64,4,0.40674419319539096,-26.418946939209825,-15.45031181300512,16.36766590255826,24.840427840301565,,,,
a_seed12,a,12,64,4,0.3712434168821729,-25.88515250556774,-18.76348034150995,9.740598353504117,28.192501423485368,,,,
a_seed13,a,13,64,4,0.2631689818474808,-18.291888621159153,-17.360007405145144,13.409082666647052,16.70610402219815,,,,
a_seed14,a,14,64,4,0.38568378563752526,-36.46824770521756,-14.147033259919379,12.215172855573064,29.213510185980176,,,,
a_seed15,a,15,64,4,0.2831188354775456,-27.790422468426964,-13.225069490138283,10.501812257571087,23.19405335313386,,,,
b_bal_seed0,b_bal,0,64,4,0.3642494207470502,,,,,41.12588155208568,14.678633846905523,-14.89487133275883,-39.31442541809293
b_bal_seed1,b_bal,1,64,4,0.0217334005633539,,,,,19.95678009747321,28.266024519801686,-18.09570373458112,-26.242713417199752
b_bal_seed2,b_bal,2,64,4,0.27132722858371716,,,,,25.426927920354817,28.481611191336476,-15.035460564769743,-33.44493859277331
b_bal_seed3,b_bal,3,64,4,0.30395717578659914,,,,,40.593956581408854,11.271108362099657,-14.486597815971322,-31.780138331896577
b_bal_seed4,b_bal,4,64,4,0.3560454322629503,,,,,28.339318100279236,17.44255660493259,-15.57840796619213,-26.589706708517976
b_bal_seed5,b_bal,5,64,4,0.27724922683970316,,,,,25.080363369573238,15.314305210062043,-12.25738651608891,-27.325387821513896
b_bal_seed6,b_bal,6,64,4,0.32367672460695573,,,,,31.388420272107872,14.978663565928105,-6.4126861185479855,-46.87605843014055
b_bal_seed7,b_bal,7,64,4,0.02033101415886385,,,,,35.97527338603342,9.072453491648535,-22.569099892064056,-19.277665900509525
b_bal_seed8,b_bal,8,64,4,0.0456481140628135,,,,,35.538471720686665,5.508818770405476,-21.566693897272252,-16.808654376820737
b_bal_seed9,b_bal,9,64,4,0.12123599795620663,,,,,28.1301153234444,16.668493242695742,-16.189315325373048,-25.649079361876176
b_bal_seed10,b_bal,10,64,4,0.1525633889784291,,,,,35.22695787839933,17.264415943020815,-17.048765803199586,-34.44747736530971
b_bal_seed11,b_bal,11,64,4,0.22325018295406643,,,,,28.37214067600803,20.928349696568596,-16.96148829529018,-31.4133187579125
b_bal_seed12,b_bal,12,64,4,0.15218497965130895,,,,,33.15644744784899,13.1956915012184,-29.268451977671795,-20.74177990867607
b_bal_seed13,b_bal,13,64,4,0.3585600528293957,,,,,29.305100029522528,13.587494344455315,-27.45170538744514,-19.928848565381994
b_bal_seed14,b_bal,14,64,4,0.30157532104095236,,,,,36.780542801933656,17.49112734798196,-14.425533535598529,-39.79271674371232
b_bal_seed15,b_bal,15,64,4,0.30329332682750887,,,,,31.362614203275978,18.006734979085845,-13.978655062372914,-35.14475233474735
b_unbal_seed0,b_unbal,0,64,4,0.33583814492118846,,,,,30.51557964265366,20.689923995264124,-12.326938234703892,-33.414518723394565
b_unbal_seed1,b_unbal,1,64,4,0.18555701798297486,,,,,45.56564231301414,18.78465846059978,-11.30987078470111,-40.31925804394928
b_unbal_seed2,b_unbal,2,64,4,0.2694180525044295,,,,,31.311590259525342,25.798637346381483,-5.854323974791242,-17.760944708661416
b_unbal_seed3,b_unbal,3,64,4,0.3473916945059908,,,,,41.33924817159802,13.25880101262569,-16.227240517877455,-26.363561898235265
b_unbal_seed4,b_unbal,4,64,4,0.39234137863866525,,,,,40.765927529511295,29.583060263143306,-18.222720959914195,-40.26764939111009
b_unbal_seed5,b_unbal,5,64,4,0.12727322197082014,,,,,19.762111196110226,20.160005326605944,-16.39337563106883,-40.66760243837747
b_unbal_seed6,b_unbal,6,64,4,0.37039596144084425,,,,,26.45092440058953,26.050278872863935,-14.051441382606933,-33.25170019651223
b_unbal_seed7,b_unbal,7,64,4,0.19604819761156628,,,,,25.095001499884283,9.777602258980377,-33.083312226164786,-23.110792994066585
b_unbal_seed8,b_unbal,8,64,4,0.324625957861141,,,,,29.841861211787098,14.450745990586128,-21.38494297424685,-27.211697880974704
b_unbal_seed9,b_unbal,9,64,4,0.2751019997546262,,,,,18.504446515998936,7.608028562886968,-19.75985605370466,-42.77684193482753
b_unbal_seed10,b_unbal,10,64,4,0.22429658352725274,,,,,33.65218189362647,20.52254140160604,-16.986663190291452,-33.199847925817835
b_unbal_seed11,b_unbal,11,64,4,0.31057927658862033,,,,,24.936080413837868,29.550916638612623,-23.64573564795578,-41.38935810998295
b_unbal_seed12,b_unbal,12,64,4,0.2902872472065821,,,,,23.349216776192012,22.947552350499386,-15.975121623513212,-28.511248983457797
b_unbal_seed13,b_unbal,13,64,4,0.29790227603575853,,,,,23.95712097393581,20.171472457058737,-14.806751832874996,-23.398523393129185
b_unbal_seed14,b_unbal,14,64,4,0.35548672653667107,,,,,39.94071660082131,20.279227292732173,-17.927650140413434,-28.32989104937359
b_unbal_seed15,b_unbal,15,64,4,0.3218398128972733,,,,,30.259062366535392,26.592462303493434,-18.708926934944454,-29.38945861916482
