active_len,neutral_len,irrelevant_len,seq_len,winding,steps_settle,answer_target
1,0,0,21,0.6091839928143736,14,1
1,0,0,21,0.6091840107126663,14,1
1,0,0,21,0.609184061256924,14,1
1,0,5,26,0.6111208689069871,13,1
1,0,5,26,0.6095758530166027,13,1
1,0,5,26,0.624972198990579,13,1
1,0,10,31,0.6551870948789493,12,1
1,0,10,31,0.6346075522951367,13,1
1,0,10,31,0.6582955907512508,12,1
1,3,0,24,0.6580572754102397,14,1
1,3,0,24,0.6580573114542823,14,1
1,3,0,24,0.6181992277884568,13,1
1,3,5,29,0.629483103326478,13,1
1,3,5,29,0.6272879542576273,13,1
1,3,5,29,0.620181222574237,14,1
1,3,10,34,0.7071468077746594,14,1
1,3,10,34,0.6254927230767436,15,1
1,3,10,34,0.6272409098103359,15,1
1,6,0,27,0.6682600243271246,13,1
1,6,0,27,0.6657877094000175,14,1
1,6,0,27,0.6660929080600826,13,1
1,6,5,32,0.6805664308055495,14,1
1,6,5,32,0.6156954160657993,14,1
1,6,5,32,0.6166462685968828,13,1
1,6,10,37,0.6300364132739562,14,1
1,6,10,37,0.631022759234101,14,1
1,6,10,37,0.6216902918555778,14,1
1,9,0,30,0.6704358430268207,14,1
1,9,0,30,0.6739780711649483,14,1
1,9,0,30,0.6234898469710861,13,1
1,9,5,35,0.6282453517979626,16,1
1,9,5,35,0.6216555860794555,15,1
1,9,5,35,0.6185859899436236,14,1
1,9,10,40,0.6295238627525186,15,1
1,9,10,40,0.6297060605603191,15,1
1,9,10,40,0.6263851752866249,15,1
3,0,0,23,0.6550573298217224,14,3
3,0,0,23,0.6550573252131762,14,3
3,0,0,23,0.6550573382324338,14,3
3,0,5,28,0.6386343009895573,14,3
3,0,5,28,0.6383292424055668,14,3
3,0,5,28,0.6301271298250132,14,3
3,0,10,33,0.6418925595178337,15,3
3,0,10,33,0.6409551608944378,15,3
3,0,10,33,0.6419415288327736,14,3
3,3,0,26,0.6649235438843697,14,3
3,3,0,26,0.6938045117708135,13,3
3,3,0,26,0.6812956874365059,13,3
3,3,5,31,0.6678095893045964,14,3
3,3,5,31,0.6293431332768786,14,3
3,3,5,31,0.6234820380974714,14,3
3,3,10,36,0.6253193851179828,14,3
3,3,10,36,0.619451762213491,14,3
3,3,10,36,0.6316217417154055,14,3
3,6,0,29,0.6735366274129614,14,3
3,6,0,29,0.6539239865784701,13,3
3,6,0,29,0.6539239353881392,13,3
3,6,5,34,0.6216541597120724,15,3
3,6,5,34,0.6208478000973014,14,3
3,6,5,34,0.6191918495752735,15,3
3,6,10,39,0.6308338616470189,14,3
3,6,10,39,0.6275352820210217,14,3
3,6,10,39,0.6305291995132857,14,3
3,9,0,32,0.6730530133952479,13,3
3,9,0,32,0.6726306346139826,13,3
3,9,0,32,0.6835726882639291,13,3
3,9,5,37,0.6335544933627916,14,3
3,9,5,37,0.6301539851973175,15,3
3,9,5,37,0.6229765930909759,14,3
3,9,10,42,0.642304512763777,15,3
3,9,10,42,0.6310983414871,15,3
3,9,10,42,0.632519305887017,15,3
5,0,0,25,0.6693083464540573,14,5
5,0,0,25,0.6693084096052283,14,5
5,0,0,25,0.6693084360610215,14,5
5,0,5,30,0.6374220297812827,13,5
5,0,5,30,0.6420703054631345,13,5
5,0,5,30,0.6351564542884844,13,5
5,0,10,35,0.6331488047278082,14,5
5,0,10,35,0.6249368457371076,14,5
5,0,10,35,0.6357763090589158,14,5
5,3,0,28,0.6564532014079009,14,5
5,3,0,28,0.6817804985476753,14,5
5,3,0,28,0.659022109024949,14,5
5,3,5,33,0.6408210603681883,15,5
5,3,5,33,0.6307743309728588,15,5
5,3,5,33,0.6229107422135591,15,5
5,3,10,38,0.6280449843994671,14,5
5,3,10,38,0.6251095320361112,15,5
5,3,10,38,0.6196953347740768,14,5
5,6,0,31,0.6791069635017294,14,5
5,6,0,31,0.673595510384208,13,5
5,6,0,31,0.6804246765920152,13,5
5,6,5,36,0.6290109721260208,14,5
5,6,5,36,0.6228139162094346,13,5
5,6,5,36,0.6245453039675892,14,5
5,6,10,41,0.6338672938791422,15,5
5,6,10,41,0.6308360032967918,14,5
5,6,10,41,0.6425525765346038,15,5
5,9,0,34,0.6704793211103505,13,5
5,9,0,34,0.6654930871437945,14,5
5,9,0,34,0.6491146893735311,14,5
5,9,5,39,0.632446260920155,15,5
5,9,5,39,0.6298305718106563,17,5
5,9,5,39,0.625966769562854,15,5
5,9,10,44,0.6535306812514868,16,5
5,9,10,44,0.6290829147223654,15,5
5,9,10,44,0.6249996750537948,16,5
7,0,0,27,0.6532104740828131,14,7
7,0,0,27,0.6532103849195662,14,7
7,0,0,27,0.6532103678680149,14,7
7,0,5,32,0.6344331192442069,13,7
7,0,5,32,0.6310690138006478,13,7
7,0,5,32,0.6247973820565613,13,7
7,0,10,37,0.6327258796804169,13,7
7,0,10,37,0.6713131582046747,14,7
7,0,10,37,0.6391395557330484,13,7
7,3,0,30,0.6826489648233379,14,7
7,3,0,30,0.6723056866596934,14,7
7,3,0,30,0.6664139363151835,14,7
7,3,5,35,0.6278803201418107,16,7
7,3,5,35,0.6258563531887082,14,7
7,3,5,35,0.6238910721160954,14,7
7,3,10,40,0.6328478162970154,15,7
7,3,10,40,0.6302852013355993,15,7
7,3,10,40,0.634559247964163,15,7
7,6,0,33,0.6855879890428848,13,7
7,6,0,33,0.6824832900595619,14,7
7,6,0,33,0.6689846598695206,14,7
7,6,5,38,0.6289302738880108,15,7
7,6,5,38,0.6290080158942842,16,7
7,6,5,38,0.6256909470982263,15,7
7,6,10,43,0.6410357303142535,15,7
7,6,10,43,0.6335341911956369,15,7
7,6,10,43,0.6137053397104398,15,7
7,9,0,36,0.6635614586006603,14,7
7,9,0,36,0.6523402355169677,13,7
7,9,0,36,0.6684060478244088,13,7
7,9,5,41,0.6294725874869496,15,7
7,9,5,41,0.369826461696673,23,7
7,9,5,41,0.6375633480164798,16,7
7,9,10,46,0.626202103667852,15,7
7,9,10,46,0.6337074522327562,15,7
7,9,10,46,0.6397318181421027,15,7
9,0,0,29,0.6570880262884694,13,9
9,0,0,29,0.6570879470290308,13,9
9,0,0,29,0.6570879729133263,13,9
9,0,5,34,0.6323634748828673,14,9
9,0,5,34,0.6406683153446358,14,9
9,0,5,34,0.6056524096961559,14,9
9,0,10,39,0.640793965401998,15,9
9,0,10,39,0.6588341660905175,14,9
9,0,10,39,0.5912325585978264,14,9
9,3,0,32,0.6584554867661645,12,9
9,3,0,32,0.6644761968291897,12,9
9,3,0,32,0.672111324725918,13,9
9,3,5,37,0.6296761780889711,15,9
9,3,5,37,0.6430391754941291,16,9
9,3,5,37,0.624680099401203,14,9
9,3,10,42,0.6588971270343249,16,9
9,3,10,42,0.6353710036822294,15,9
9,3,10,42,0.6401570999666456,15,9
9,6,0,35,0.6574760104560313,13,9
9,6,0,35,0.6637390453497,13,9
9,6,0,35,0.6546335130659917,14,9
9,6,5,40,0.6343014841016975,16,9
9,6,5,40,0.37137975176279153,24,9
9,6,5,40,0.6256229599143022,16,9
9,6,10,45,0.6433986464877778,15,9
9,6,10,45,0.6268010235893225,15,9
9,6,10,45,0.6238652573536583,16,9
9,9,0,38,0.6675809620043983,13,9
9,9,0,38,0.6558250389395552,13,9
9,9,0,38,0.6724586422054547,13,9
9,9,5,43,0.6308059245342501,15,9
9,9,5,43,0.6314572803420894,17,9
9,9,5,43,0.6224467279235328,15,9
9,9,10,48,0.6419900016594668,19,9
9,9,10,48,0.6211767676587114,14,9
9,9,10,48,0.6334201973464127,15,9
